128,256
36,43,78,4,9,60,77,55,15,50,97,25,83,69,79,99,65,95,99,85,34,30,49,12,57,40,8,45,94,8,15,43,69,97,22,17,86,34,67,87,50,70,15,62,57,25,59,82,94,67,71,5,61,83,41,77,49,58,76,94,3,89,69,44,59,32,6,23,86,75,75,7,88,37,78,36,33,79,25,27,9,91,57,15,87,57,48,97,74,77,49,2,19,99,85,32,26,88,12,55,53,61,12,62,83,41,27,5,46,36,10,17,42,45,66,89,95,43,88,62,41,50,16,31,7,39,26,42,48,38,51,18,92,86,40,89,87,16,68,81,6,78,82,66,92,31,16,19,13,23,12,71,32,92,31,33,88,74,53,56,33,69,31,17,46,57,31,11,88,34,90,17,53,14,52,72,93,78,34,86,84,69,46,58,24,74,15,91,3,25,28,67,41,95,46,23,86,16,85,34,21,83,7,54,71,44,33,46,22,30,34,32,52,74,37,70,19,85,58,17,88,50,71,27,76,77,3,58,71,76,65,97,92,8,94,43,24,95,49,60,59,14,80,28,57,7,69,23,90,14,52,20,78,14,65,26
34,86,81,46,51,67,92,23,31,98,25,62,80,89,65,86,76,18,50,81,19,46,61,8,39,16,91,11,5,59,32,69,65,22,87,27,35,64,86,26,54,94,7,1,26,13,9,98,8,30,15,91,97,13,74,26,40,16,62,67,56,29,88,70,42,83,8,45,86,54,64,39,58,1,43,68,33,66,47,26,21,3,95,27,12,17,55,63,22,4,99,96,30,77,16,51,38,93,14,83,66,14,92,65,38,17,10,99,39,96,94,33,46,71,44,25,32,39,1,69,29,78,91,83,33,23,79,74,27,15,86,20,88,97,63,41,92,10,53,36,38,88,19,96,11,21,65,70,31,79,66,83,91,24,97,77,58,58,27,16,37,29,9,36,69,69,97,46,25,21,67,28,58,6,88,97,95,62,28,29,63,39,74,40,33,19,70,34,72,55,23,17,53,64,23,81,65,41,33,80,86,17,23,65,23,73,30,8,90,93,73,15,58,79,28,28,58,3,35,42,82,26,96,48,75,85,43,57,70,93,22,45,86,68,79,97,13,43,29,63,31,55,50,4,1,15,64,71,32,52,19,40,80,68,40,76
36,60,41,33,10,25,36,18,96,70,1,16,68,9,37,51,42,89,73,7,22,23,61,25,95,52,69,75,76,50,4,40,25,65,10,37,75,82,33,97,85,64,89,34,34,39,27,68,10,19,4,74,29,11,55,92,41,35,15,54,14,70,70,9,48,50,69,47,45,96,82,21,74,59,31,49,9,47,76,47,16,17,5,34,83,79,50,49,74,24,71,76,58,5,49,53,70,93,40,99,98,7,59,33,88,49,56,63,82,25,56,42,38,61,88,11,67,20,9,80,90,99,99,24,28,21,31,47,95,4,67,77,8,32,36,99,88,9,27,38,79,96,82,22,34,33,80,46,77,21,79,22,8,9,1,92,82,2,96,67,44,51,14,65,11,26,64,91,48,13,11,67,39,64,6,52,47,82,17,74,80,45,67,5,22,79,1,86,1,49,76,93,85,66,37,32,23,53,52,38,72,62,99,32,42,10,38,61,57,20,58,66,63,77,43,78,60,46,69,41,41,3,40,2,54,81,73,24,78,16,3,12,88,25,4,45,41,4,9,68,18,40,91,22,72,40,60,66,62,50,51,23,26,45,77,22
55,19,1,35,12,6,34,14,6,53,69,55,94,1,21,83,43,23,93,92,55,20,65,59,70,43,41,6,60,44,25,25,72,8,61,37,15,48,95,52,96,74,63,49,63,10,43,36,69,4,45,75,68,2,85,21,67,14,78,23,83,31,71,45,7,6,90,87,57,92,26,29,76,15,21,53,78,48,41,49,63,67,84,21,39,38,9,26,71,60,9,57,8,96,44,57,11,2,10,74,26,65,83,71,16,6,31,37,35,15,93,35,18,67,53,7,27,10,57,36,44,89,69,62,57,48,93,29,69,60,22,86,51,88,88,18,7,55,32,91,76,43,50,81,40,82,74,81,38,40,52,15,15,77,44,46,32,37,86,86,59,89,33,18,32,58,19,23,85,23,17,97,64,73,14,63,2,44,20,52,3,9,37,58,16,63,88,21,46,69,37,22,69,90,50,82,2,47,64,63,48,56,52,39,90,73,53,32,3,34,83,99,1,92,89,50,78,86,60,57,43,30,89,74,27,45,66,35,32,36,77,15,59,38,72,45,36,96,11,7,14,32,3,21,80,3,63,35,9,94,69,43,17,2,70,58
98,74,87,24,79,93,89,14,54,58,53,80,89,90,61,2,84,92,1,75,8,2,98,84,19,95,45,33,71,85,20,89,28,46,48,42,9,99,53,69,9,97,56,88,65,22,26,68,99,53,1,23,12,94,8,92,27,31,53,89,20,32,16,94,79,67,18,21,99,16,65,98,33,64,90,65,19,45,84,7,69,30,22,54,31,64,62,95,91,82,43,43,67,71,75,21,1,56,93,44,38,65,33,36,51,89,77,2,64,44,97,60,69,73,24,3,75,79,20,93,9,11,3,55,36,96,35,4,59,21,95,92,69,34,52,17,10,47,15,43,39,65,98,37,60,27,77,25,57,9,49,64,35,32,7,63,10,15,43,82,36,64,12,40,11,2,28,71,4,23,48,41,65,88,77,78,12,65,68,18,84,57,3,78,19,61,64,8,32,17,58,32,88,4,96,52,13,64,27,78,17,68,58,23,11,91,40,30,28,77,64,60,47,36,33,7,26,66,31,17,41,18,80,74,82,20,7,74,28,97,15,50,98,87,63,98,30,17,11,70,49,2,65,27,24,29,69,53,23,6,84,69,6,35,1,51
41,3,53,11,84,99,98,5,67,83,36,86,51,70,16,26,26,29,41,92,83,90,87,26,81,39,45,59,6,1,57,51,20,53,23,57,3,46,59,4,58,8,86,75,15,27,18,76,27,27,12,78,53,73,93,7,41,20,16,73,46,65,21,82,39,18,56,89,60,23,76,67,68,38,73,70,45,80,38,73,64,48,85,58,19,67,87,94,49,98,53,26,31,8,94,38,78,40,89,95,29,48,6,90,20,59,10,23,2,65,53,10,34,24,82,40,89,34,16,23,16,26,19,40,40,45,64,84,52,28,31,1,11,34,38,67,45,36,80,15,33,52,53,31,54,41,89,81,59,21,62,36,96,89,28,40,34,78,85,29,10,20,66,33,90,99,73,71,95,82,22,69,35,25,26,36,9,88,78,77,19,66,63,97,61,4,35,15,93,35,48,64,13,56,57,38,96,93,22,65,89,26,61,29,19,16,60,76,92,4,49,55,60,42,29,35,42,88,92,38,72,71,5,21,7,49,87,9,75,55,69,79,73,46,13,4,87,83,48,3,80,27,77,3,91,12,65,28,36,60,19,85,68,24,93,43
12,92,59,37,76,28,87,42,75,85,20,29,19,66,75,47,96,52,61,18,80,28,34,82,82,12,13,5,64,40,50,31,50,73,96,81,4,27,59,80,64,30,76,18,51,43,29,90,52,2,74,23,33,98,23,37,20,48,49,8,78,47,92,86,54,61,70,88,24,26,48,23,58,20,49,30,9,76,16,63,52,96,18,59,89,21,33,26,96,25,63,96,72,57,98,70,49,78,1,77,97,83,13,87,49,85,33,10,53,2,5,74,54,54,19,98,51,48,54,73,13,84,77,38,15,51,85,33,78,13,74,94,24,58,76,10,39,97,75,59,90,16,36,7,9,17,18,3,52,55,49,80,25,53,8,92,96,61,32,22,82,37,10,33,15,75,77,97,95,48,77,40,97,58,7,97,74,55,62,90,25,83,41,18,77,94,62,38,13,39,23,95,47,27,4,85,18,20,32,46,81,7,37,98,35,5,82,89,19,41,8,81,19,80,31,92,90,40,12,72,71,70,31,16,3,63,46,12,3,12,81,80,47,92,29,7,9,49,75,16,58,90,51,40,38,78,60,88,22,79,27,45,62,79,35,61
44,24,49,35,66,85,96,18,42,37,3,25,8,95,98,78,71,81,68,57,3,93,19,31,48,61,56,60,28,45,83,41,54,58,89,38,70,52,74,71,91,79,47,5,47,35,35,68,82,80,40,78,38,32,78,84,42,93,76,53,39,6,82,56,20,41,30,77,82,99,29,57,71,62,11,27,62,8,53,21,25,15,7,77,99,68,94,93,9,18,94,13,79,36,38,70,27,66,87,9,88,63,27,22,68,41,97,89,65,17,87,41,25,18,73,1,52,53,83,37,62,93,72,46,15,96,49,86,13,11,39,68,83,80,69,89,1,27,6,78,58,4,93,90,6,38,10,23,59,65,79,93,30,83,95,80,91,81,23,4,75,48,54,79,35,27,27,45,70,73,98,40,86,39,43,33,77,37,57,67,22,45,47,76,82,81,23,73,12,59,75,79,66,62,69,29,14,23,32,4,80,26,4,72,42,59,36,53,54,6,40,40,98,76,91,13,90,10,27,8,96,16,12,32,70,50,52,82,44,49,93,58,60,36,53,29,3,92,5,64,53,13,97,86,45,18,46,11,44,56,51,16,35,97,99,48
34,79,2,59,28,45,87,33,40,55,15,81,10,23,8,29,25,43,70,62,6,57,68,65,21,62,2,59,80,39,61,47,2,40,76,32,51,53,98,63,54,56,70,38,62,20,11,90,99,45,79,35,65,68,83,29,41,54,56,95,4,16,37,85,5,29,37,27,60,55,95,87,44,90,86,7,26,92,78,32,9,87,21,22,73,57,3,53,55,8,15,48,84,27,22,91,42,95,1,17,26,5,28,28,98,79,44,30,53,11,78,14,39,25,67,6,43,56,71,87,11,47,44,78,68,83,99,76,40,13,26,24,71,10,34,49,25,56,60,46,45,73,54,70,32,54,17,24,51,28,85,78,42,77,2,82,63,24,14,29,27,82,59,82,33,29,90,40,74,5,62,11,1,64,57,92,58,61,14,26,60,75,96,89,99,97,71,4,23,96,12,5,82,91,98,50,11,88,19,97,47,20,31,34,69,69,16,48,21,25,46,51,41,63,65,69,72,73,71,26,53,77,21,87,70,6,28,36,65,4,27,44,37,48,44,5,58,96,8,55,38,13,68,83,93,94,42,39,30,98,44,5,29,7,91,21
14,27,30,53,65,11,17,40,21,64,93,79,87,20,57,95,18,23,97,14,47,34,80,42,17,14,32,32,94,35,5,1,20,77,19,3,4,33,1,8,94,57,99,64,49,53,29,2,23,77,1,65,40,72,91,33,7,30,80,53,3,14,64,65,59,72,63,98,5,88,99,58,29,53,3,92,97,49,41,27,10,59,38,67,33,37,79,39,42,82,45,24,44,84,17,64,10,25,68,15,88,47,63,72,55,70,90,42,62,75,91,74,75,71,22,51,45,57,88,90,15,99,94,38,29,81,67,8,21,15,65,81,52,89,82,52,30,50,99,54,62,69,84,50,46,40,41,87,60,9,74,42,57,20,67,53,65,3,53,20,91,40,22,76,95,60,17,93,26,8,92,68,38,95,35,31,30,20,15,11,18,68,62,99,53,21,57,65,63,88,21,37,26,78,49,8,58,17,37,34,82,25,45,15,77,98,39,74,87,45,18,13,75,30,18,58,99,67,65,91,83,70,1,72,96,43,49,4,75,46,74,98,75,89,61,74,28,67,8,89,12,63,77,90,18,37,68,84,39,83,96,69,24,48,37,24
89,44,24,28,89,81,2,27,5,55,43,6,24,28,96,47,3,80,25,55,90,87,40,16,43,25,10,50,5,92,78,61,78,74,84,56,16,95,97,52,77,51,34,12,23,79,88,19,60,29,85,67,13,24,40,88,29,45,11,60,1,60,76,3,82,76,94,60,65,67,39,25,37,79,2,5,85,59,85,60,89,29,10,38,91,43,51,26,86,87,80,52,47,33,88,36,76,83,58,28,9,25,71,87,81,19,30,29,67,71,25,85,24,27,5,48,54,45,22,47,27,30,80,68,27,89,4,25,35,20,62,69,45,21,32,92,8,18,24,34,14,30,16,63,27,51,74,72,32,95,74,28,31,65,79,28,67,12,16,65,34,92,86,53,27,85,58,24,60,40,64,55,79,8,49,55,33,69,97,5,4,27,98,95,72,75,78,75,9,56,79,94,96,4,39,59,93,47,88,60,53,10,79,9,38,90,42,49,18,24,41,54,30,11,21,58,80,77,77,34,24,89,74,89,3,6,56,32,59,37,94,52,55,23,80,45,31,41,92,3,74,91,46,96,43,20,21,67,92,56,2,22,51,8,52,81
56,98,41,77,83,28,9,53,26,88,36,16,7,54,70,19,10,95,26,39,25,58,42,91,16,18,65,1,98,75,90,22,30,98,35,35,20,1,43,37,62,55,46,21,97,7,46,21,21,89,27,48,49,81,32,16,21,75,40,81,88,6,60,39,16,37,13,4,35,6,90,43,36,48,3,1,98,28,23,6,32,23,65,4,79,81,85,45,99,73,88,33,62,3,44,34,62,85,71,40,79,19,19,1,85,44,77,66,11,83,92,50,58,34,2,36,71,33,34,49,27,33,91,99,57,49,9,98,68,31,50,36,89,29,14,75,41,15,72,1,82,43,4,58,29,38,49,38,52,82,32,67,58,3,58,44,51,36,37,63,3,99,92,15,61,78,99,54,59,21,20,20,94,8,28,81,42,14,82,34,27,64,8,31,3,72,72,37,68,65,6,85,24,77,36,86,72,85,30,73,76,36,72,40,25,12,46,13,41,64,53,23,79,91,67,49,64,48,4,52,45,28,57,61,53,24,59,95,9,49,55,12,60,6,80,49,98,86,23,52,32,64,34,53,37,79,63,44,52,66,65,74,39,91,78,1
92,48,8,88,23,8,18,50,63,4,63,7,36,31,58,1,82,53,51,40,81,36,56,61,92,21,4,37,95,63,95,6,52,48,70,72,97,93,84,8,16,87,83,23,69,94,42,98,28,83,98,93,40,96,38,35,82,21,32,98,80,70,87,16,69,55,4,4,73,70,72,47,84,85,54,98,34,65,25,14,33,94,26,67,40,97,3,35,35,55,98,25,62,1,28,54,70,45,91,10,2,47,35,44,99,8,72,65,19,83,30,28,97,44,96,86,76,59,17,84,63,94,74,48,72,72,6,79,27,36,28,89,28,22,31,41,31,51,96,24,19,38,18,69,33,23,88,67,39,81,53,41,17,10,1,19,61,32,29,99,45,40,20,61,48,72,77,50,9,78,67,54,87,91,93,20,68,28,3,21,79,43,16,77,12,8,22,58,59,17,18,94,43,52,41,26,62,77,46,68,7,74,41,67,76,1,83,20,78,74,77,72,2,54,65,70,26,90,27,2,76,43,19,67,31,90,78,65,90,64,96,50,56,24,71,11,45,61,65,86,49,4,37,41,90,16,66,50,91,2,10,34,8,18,64,37
43,62,60,62,85,44,72,47,79,34,14,43,50,44,73,95,14,99,44,75,68,32,14,21,74,78,82,20,32,26,64,43,90,10,9,19,19,8,84,5,14,5,88,86,5,57,9,11,60,44,20,86,32,19,18,5,6,77,80,16,96,20,28,29,11,48,44,90,14,31,68,18,40,74,19,44,82,65,68,29,58,63,5,83,23,14,70,23,25,82,19,96,53,44,94,34,16,89,29,42,65,13,5,30,10,51,82,84,88,69,92,18,78,15,99,90,62,11,4,59,86,76,56,40,42,55,60,93,97,39,75,41,69,53,5,35,75,58,96,9,29,72,68,10,96,16,34,44,84,15,36,28,77,75,45,19,55,40,34,56,86,69,76,96,81,18,77,98,54,19,9,76,71,87,5,18,97,2,93,32,39,11,89,20,54,23,83,33,81,62,77,46,89,68,19,72,68,57,75,10,67,13,89,18,64,5,18,92,49,43,85,64,53,41,91,44,61,83,62,28,10,21,52,7,56,52,38,35,12,73,71,66,49,39,14,29,24,71,16,29,85,33,29,6,31,32,2,77,93,15,68,26,66,17,59,40
70,27,25,76,56,13,6,65,67,1,89,35,44,78,20,54,66,27,89,30,42,56,39,16,78,25,67,35,6,85,5,49,26,68,64,10,58,96,85,30,10,8,71,72,53,31,9,76,72,21,14,78,45,90,54,3,67,82,8,18,68,79,94,2,9,97,32,67,72,97,91,54,70,95,89,19,94,79,20,52,54,93,4,55,50,97,68,95,14,94,78,8,89,33,43,87,82,8,62,13,26,91,36,80,81,37,22,37,21,59,2,28,33,85,72,85,9,67,88,53,6,44,13,92,27,70,84,63,52,28,19,74,57,18,22,87,69,91,22,61,39,75,68,78,82,29,96,85,57,80,97,94,39,29,7,88,71,46,9,23,28,68,5,46,79,79,79,1,14,88,22,3,10,71,27,97,97,62,31,76,2,29,67,97,76,62,47,52,40,43,40,24,99,19,92,47,5,33,90,86,32,97,19,98,46,66,42,83,34,11,73,86,30,60,96,47,95,33,59,56,99,16,65,70,23,22,88,23,24,4,22,42,31,33,18,99,7,22,26,27,94,87,4,92,77,76,73,18,31,60,77,45,50,7,95,27
67,81,49,71,93,75,55,92,95,73,96,9,7,71,70,67,43,11,94,5,32,94,63,18,85,60,4,37,23,87,78,74,44,2,91,73,65,71,98,20,30,86,88,73,35,55,15,34,36,91,20,39,9,16,13,42,70,42,35,87,86,84,59,95,55,30,23,24,19,93,72,75,16,66,73,87,34,81,33,3,59,53,48,1,72,48,95,85,44,89,40,56,89,14,1,20,74,44,68,52,76,28,22,32,40,6,44,1,97,54,8,51,34,17,75,44,25,11,47,26,96,5,82,29,49,10,69,22,5,27,6,52,43,23,33,30,34,25,25,95,41,51,72,51,9,23,99,73,4,83,44,89,52,35,93,93,42,28,57,22,32,68,62,84,48,12,5,38,4,24,3,20,8,28,2,48,6,48,49,87,72,99,24,48,29,81,12,89,24,64,81,28,67,27,13,11,78,55,83,44,15,58,35,14,7,98,71,77,62,25,9,83,67,82,81,48,80,20,17,30,8,54,25,52,62,93,40,91,15,60,80,1,7,88,21,99,21,23,79,3,2,50,59,57,45,32,95,38,65,45,66,77,36,53,35,34
37,89,28,18,4,51,27,18,99,96,64,73,9,37,49,40,45,76,11,21,21,49,36,60,74,37,81,54,32,75,88,52,57,78,11,17,27,20,99,11,20,65,8,83,59,89,79,32,61,97,71,79,2,3,85,77,99,44,12,70,20,36,18,49,27,92,1,20,45,17,74,46,71,46,54,97,45,87,62,78,87,38,85,44,15,26,74,38,36,39,29,17,75,84,75,83,95,34,4,10,3,30,74,54,75,89,15,84,12,29,40,45,79,96,70,8,8,83,84,17,55,32,70,7,2,88,75,77,92,18,80,78,6,81,68,15,79,81,89,78,12,2,61,39,66,62,65,49,10,98,31,64,21,80,48,28,84,17,57,7,4,23,30,1,66,41,20,43,43,28,29,40,13,76,37,55,98,89,59,9,75,68,25,34,89,90,66,29,45,37,69,36,12,1,28,63,91,87,99,16,81,68,23,11,9,72,98,16,10,85,75,38,63,55,86,97,53,12,23,10,69,37,61,82,97,32,89,2,98,53,30,51,19,74,60,81,88,75,29,44,78,34,9,69,36,93,93,25,38,3,18,82,63,86,33,59
53,11,94,89,63,77,44,43,71,23,7,7,93,34,50,41,14,50,94,51,29,17,3,66,40,49,30,99,36,90,28,33,70,69,14,8,61,93,31,14,9,47,14,27,32,50,83,83,67,78,74,89,43,23,58,2,12,39,90,21,98,2,34,29,59,53,25,89,85,68,73,46,7,67,2,41,18,5,64,59,60,83,15,71,4,67,81,21,24,29,24,69,31,60,33,86,48,11,7,38,3,12,64,96,57,44,36,23,94,67,26,93,47,95,22,43,23,2,25,89,30,56,38,41,4,23,28,16,50,36,9,24,2,75,94,39,13,55,66,1,10,36,60,72,85,65,91,51,7,10,70,21,57,38,65,64,65,82,63,95,87,52,88,59,75,59,94,40,88,90,18,22,99,58,19,90,7,51,2,69,97,23,82,53,15,97,36,6,85,46,9,18,24,88,37,70,77,17,7,13,73,8,11,69,64,82,83,91,97,83,25,87,80,85,1,93,20,82,60,48,55,17,69,82,35,75,7,33,21,10,51,81,21,32,6,95,78,92,20,98,4,4,75,64,76,8,29,23,42,86,2,59,18,40,40,87
36,50,85,95,43,60,67,2,3,18,25,67,25,8,10,66,9,60,87,46,57,30,2,70,94,4,58,69,61,27,36,10,50,22,34,52,10,19,25,46,75,23,21,5,41,41,53,13,13,21,25,22,6,44,46,99,62,74,24,58,70,64,21,47,55,4,94,79,75,38,77,22,7,28,18,45,96,6,4,85,98,69,16,11,74,42,8,27,93,45,64,97,93,75,35,24,96,18,78,98,43,68,44,12,51,36,93,86,97,49,21,89,77,45,74,63,97,68,37,12,17,20,31,3,71,98,25,14,10,20,45,12,57,97,24,79,50,83,6,51,90,88,23,94,30,54,64,45,13,83,7,61,79,25,16,56,11,73,82,38,30,93,32,98,6,9,86,57,57,68,41,37,83,75,37,14,68,60,27,51,34,77,31,36,61,31,73,70,38,58,19,7,54,23,94,75,74,25,89,77,69,32,59,53,36,58,77,32,68,23,84,8,44,69,67,78,47,86,52,50,56,35,86,75,14,6,64,33,21,52,25,86,91,43,89,8,32,67,92,71,54,95,70,21,53,8,33,7,72,12,2,46,17,55,93,47
58,96,70,66,19,57,56,35,56,19,76,52,95,5,49,99,80,22,1,67,52,91,6,77,13,2,21,36,6,53,39,83,97,29,91,79,88,38,28,1,36,14,82,54,70,31,54,22,84,96,6,41,62,76,12,94,61,59,18,47,73,52,88,60,62,77,23,73,23,65,31,69,38,23,89,6,14,1,60,90,95,10,25,59,31,63,69,20,30,56,72,7,54,31,45,12,81,62,14,97,53,97,33,88,28,5,81,36,42,33,84,24,50,85,63,15,88,5,84,33,49,52,75,78,21,9,41,68,82,3,61,21,88,75,46,80,86,82,28,33,19,23,70,4,74,45,62,46,87,6,17,72,58,63,50,16,37,23,88,57,79,55,93,82,63,18,89,58,78,89,92,84,27,18,11,29,28,36,51,25,97,91,64,52,28,10,42,36,66,77,74,94,64,41,20,25,69,1,36,78,71,70,59,85,3,74,97,95,63,74,27,26,7,12,86,52,93,85,70,12,92,20,39,59,43,61,57,65,90,3,64,63,41,87,68,90,96,91,23,22,61,94,85,92,32,10,36,35,65,81,56,96,66,83,65,20
28,60,11,9,12,61,16,75,60,66,71,87,46,28,16,89,61,60,32,48,75,10,26,37,66,29,6,2,75,27,36,20,20,3,5,95,17,7,48,99,10,23,77,16,63,30,18,68,26,41,86,86,44,97,82,43,94,9,58,15,65,11,76,98,8,85,71,35,74,60,56,39,79,19,32,68,2,3,4,1,41,52,68,76,96,41,8,50,17,49,27,1,89,39,63,3,33,55,52,8,8,4,81,95,78,69,71,33,7,98,55,93,30,75,36,22,66,79,32,24,34,70,10,83,81,49,49,33,79,67,29,45,9,45,16,51,62,77,86,28,92,99,39,87,44,13,19,3,75,5,26,18,36,41,49,32,32,69,67,5,45,48,68,78,61,57,36,60,20,91,38,49,64,60,82,32,27,55,12,49,76,28,85,10,25,37,11,48,33,37,55,79,75,8,93,64,15,2,62,82,63,85,27,11,2,48,35,63,82,72,78,30,25,76,98,37,19,86,94,64,43,11,6,50,45,61,2,45,50,55,35,47,12,75,12,93,50,55,94,83,29,50,81,99,92,83,30,90,91,23,29,56,88,67,46,90
12,20,95,66,89,52,92,37,4,9,74,16,15,67,94,3,33,73,8,70,31,45,63,47,33,58,64,42,51,66,65,18,19,15,89,90,79,92,6,79,65,71,80,53,22,28,39,7,57,31,72,7,15,88,63,81,1,14,20,96,43,12,6,89,20,11,71,12,62,14,46,29,4,1,1,72,37,68,49,25,85,84,51,71,64,76,90,76,67,80,58,69,93,87,62,31,89,51,86,78,26,69,56,78,92,6,16,97,17,15,42,78,92,78,46,93,83,34,66,64,65,74,15,50,94,51,57,64,24,35,17,64,83,47,71,4,18,30,39,74,72,83,26,99,67,72,64,40,33,45,42,53,43,63,64,73,29,58,5,63,20,14,20,91,94,7,45,21,32,36,20,96,36,71,23,22,17,33,26,55,65,96,63,17,34,75,38,17,19,53,17,99,19,49,47,72,14,89,28,55,91,17,24,50,17,73,68,57,95,59,25,44,60,77,25,39,32,54,12,89,25,27,62,56,83,88,50,51,40,3,27,12,8,21,60,55,91,71,30,51,84,84,60,96,65,14,9,84,71,8,62,26,23,91,39,7
96,93,55,91,18,31,31,50,49,12,1,18,47,76,98,58,87,20,64,51,76,68,68,46,35,63,23,22,67,60,70,55,53,37,83,99,54,99,16,62,57,21,77,96,40,29,36,94,36,80,24,2,80,78,21,64,24,57,6,44,78,79,60,9,27,2,9,26,83,30,65,50,49,45,86,70,35,54,39,71,65,52,44,1,99,66,82,89,20,54,96,79,78,99,98,42,45,1,26,33,45,71,14,19,44,60,70,80,38,20,90,13,35,74,56,46,98,75,91,63,34,57,94,87,45,68,31,84,12,34,14,26,44,66,10,47,84,66,37,94,71,91,29,74,65,46,66,55,79,1,36,97,85,82,2,97,62,89,3,5,74,22,41,60,32,10,17,28,49,36,20,66,32,33,85,70,25,49,13,60,26,23,20,22,55,23,14,3,16,89,65,28,94,76,6,86,16,9,46,46,7,63,1,74,53,37,26,97,75,41,17,21,64,7,89,87,4,85,97,52,58,6,12,49,17,93,73,23,51,27,27,34,25,84,45,62,16,55,74,12,94,15,91,81,55,99,37,88,81,31,98,91,65,77,91,79
97,83,5,68,83,78,61,59,77,7,18,90,74,69,38,24,7,23,53,31,56,81,72,1,50,74,97,39,97,11,10,99,46,24,29,19,66,17,51,10,21,98,24,62,67,91,27,69,28,20,8,4,65,95,47,93,5,37,10,88,60,46,74,97,63,60,45,95,57,17,19,26,60,6,97,8,85,11,28,26,84,66,65,58,82,73,22,89,81,48,75,14,94,82,53,70,35,87,90,30,54,10,71,33,4,99,4,83,62,14,18,44,30,84,81,86,29,44,2,90,46,69,10,56,90,54,79,23,67,7,44,71,17,51,8,8,29,28,12,26,34,19,18,99,12,37,43,12,58,61,16,11,1,21,87,47,69,95,85,4,28,46,11,16,1,61,53,79,73,99,37,40,38,19,24,28,54,61,18,22,67,59,49,84,60,93,33,12,39,14,1,75,94,82,50,59,37,9,40,31,82,20,1,48,68,94,50,47,8,58,21,10,13,33,90,77,75,82,96,45,60,89,83,51,11,57,12,10,83,70,39,62,77,52,44,56,39,54,77,87,40,8,63,42,36,37,87,9,79,71,19,51,60,23,29,12
38,28,83,89,26,97,37,55,49,78,4,37,39,60,49,17,51,16,62,48,82,54,16,74,64,3,5,69,89,14,8,91,45,56,87,76,96,96,70,38,35,14,67,46,20,99,83,97,41,74,49,50,80,45,45,79,26,54,13,32,76,34,65,58,86,52,71,98,25,41,13,15,37,79,62,1,24,38,86,49,4,18,34,89,99,1,54,34,42,83,52,91,98,43,18,13,72,74,36,86,91,21,11,36,13,37,37,15,78,59,70,47,94,17,99,75,26,11,38,23,74,2,82,47,7,31,97,54,27,39,50,82,24,81,49,14,16,38,16,68,70,6,16,94,79,80,48,37,34,65,31,98,27,65,76,85,8,79,53,59,78,27,51,13,74,39,28,84,62,99,61,25,46,50,2,17,63,89,22,92,71,8,83,6,72,76,24,40,13,74,80,72,83,36,8,1,2,18,41,93,35,52,79,31,12,41,17,4,49,26,39,45,97,96,23,36,62,21,76,38,6,69,96,31,99,10,40,88,78,47,19,37,61,85,54,7,37,50,88,80,95,31,95,14,14,94,22,72,87,33,19,30,73,33,2,26
69,8,29,56,53,55,99,78,51,59,45,71,83,10,17,23,29,75,21,54,65,5,45,74,37,77,77,63,45,9,90,56,46,39,36,89,49,12,57,28,72,36,1,65,3,45,46,53,88,51,17,16,49,38,88,17,20,29,71,94,61,1,96,90,92,8,52,44,44,9,9,11,43,26,97,68,32,50,48,82,56,83,35,28,10,26,38,53,43,19,45,29,58,30,72,34,13,43,43,23,75,27,2,51,63,61,39,48,36,61,85,26,13,44,26,19,80,81,31,42,29,51,6,20,49,2,51,12,82,73,37,7,66,48,18,87,26,32,39,88,1,9,24,95,12,34,9,96,74,7,28,23,95,44,49,86,21,73,40,90,8,64,94,39,53,48,99,47,97,35,33,32,88,90,44,16,49,41,84,59,81,12,71,7,2,89,5,77,7,18,93,83,53,69,91,42,47,67,38,55,15,63,6,38,68,48,38,8,28,66,76,75,35,74,20,9,76,64,2,15,46,34,87,99,73,84,14,95,51,79,41,98,36,55,36,15,35,94,96,11,72,18,17,90,65,42,50,41,43,28,38,39,25,96,78,7
61,96,72,17,40,41,56,94,91,93,74,6,98,89,96,86,41,46,55,45,72,90,45,45,9,56,61,19,48,65,23,21,77,8,68,11,61,33,3,46,11,7,98,17,18,99,75,56,29,35,62,61,65,72,40,14,22,93,73,75,20,74,88,29,39,72,28,29,3,1,37,75,37,43,59,4,27,23,63,57,58,72,77,41,42,29,55,48,62,81,44,55,84,92,50,16,5,82,9,67,34,19,67,37,35,74,37,11,46,81,72,47,41,61,57,58,26,82,99,20,46,50,13,22,44,54,36,21,51,51,31,84,44,80,86,97,53,39,20,49,76,95,66,48,82,83,87,22,73,80,91,29,35,65,31,56,20,19,73,96,75,81,38,41,92,59,39,90,65,66,8,78,81,79,29,91,69,91,21,4,34,50,78,66,3,76,17,37,80,87,2,60,15,5,30,70,80,66,42,67,38,82,70,94,32,16,56,36,96,6,39,2,58,71,60,87,13,3,15,48,27,44,82,99,68,32,43,16,62,96,88,69,67,10,22,27,85,27,41,15,47,15,71,34,98,55,74,35,81,37,84,14,43,19,93,34
15,94,47,6,30,44,84,83,31,26,73,58,15,58,31,96,93,65,51,83,71,83,94,33,66,36,38,97,67,72,65,19,94,85,51,76,74,53,80,38,16,55,14,39,99,77,42,95,52,73,10,21,94,36,82,38,3,38,85,68,41,45,10,52,96,30,99,64,98,47,93,3,58,80,43,57,42,15,66,45,21,84,73,90,70,65,92,66,89,21,22,89,98,86,81,19,82,8,25,72,27,86,9,48,50,5,58,55,86,10,3,40,77,97,29,85,39,37,88,22,83,45,55,14,7,23,29,94,78,48,11,84,57,15,80,38,18,87,82,78,65,85,5,3,30,76,7,92,31,49,81,34,5,94,77,55,50,88,12,45,60,25,33,43,33,81,15,42,79,62,47,78,58,13,73,19,97,34,95,91,49,83,61,17,78,18,74,47,99,28,93,58,59,14,90,83,86,86,63,74,65,38,19,44,47,10,23,14,25,61,25,7,15,98,38,35,1,82,62,19,19,69,75,95,9,79,88,51,69,35,9,3,47,8,83,11,20,17,50,97,52,63,41,82,27,13,38,25,89,76,30,51,93,87,77,60
63,94,10,88,20,75,36,58,74,42,84,52,98,21,65,13,68,80,26,51,52,1,86,59,69,8,89,44,32,40,81,75,23,38,5,43,86,91,60,55,73,17,30,32,57,92,60,57,36,51,24,20,43,99,48,29,12,32,85,95,59,63,91,47,31,32,37,21,59,82,4,58,97,74,77,28,4,37,59,61,73,84,18,48,2,97,10,91,18,97,58,4,46,8,93,96,19,84,35,71,74,74,72,22,92,45,37,13,21,3,36,92,16,20,23,66,42,67,87,13,35,33,94,55,22,36,46,94,98,46,76,25,39,1,5,56,87,32,67,21,90,98,94,54,52,68,76,68,70,20,1,30,9,92,16,69,36,91,17,59,97,84,28,7,13,99,47,32,79,42,83,64,98,19,20,25,54,5,67,14,69,69,15,43,86,88,11,50,27,59,3,10,58,45,27,86,18,67,58,76,23,4,96,37,86,15,47,88,42,80,2,4,68,14,95,65,87,3,55,82,92,60,18,31,52,94,6,4,57,50,56,19,94,54,2,55,91,19,4,23,79,32,71,99,78,68,58,75,26,61,99,86,87,25,70,21
8,22,71,38,4,61,39,65,21,42,51,25,50,56,42,63,83,90,57,3,18,2,85,97,19,74,33,95,21,10,70,99,8,12,19,67,32,59,55,81,16,3,76,53,43,18,13,76,38,11,38,83,35,21,89,22,65,83,23,62,93,31,29,54,8,88,13,56,33,76,33,70,87,57,57,94,22,48,70,58,96,45,26,2,37,88,24,74,97,57,41,63,99,45,45,40,39,91,53,13,4,71,69,26,34,42,15,89,84,14,10,83,87,59,7,43,92,60,14,38,92,4,81,69,91,35,55,35,86,95,30,81,35,38,33,47,66,85,45,94,98,87,65,38,65,21,61,34,81,41,13,27,40,65,91,37,15,64,46,62,48,47,16,67,14,13,68,89,74,82,63,84,53,5,95,66,17,61,78,3,82,21,5,22,45,39,1,9,66,49,91,81,82,99,53,13,99,49,32,37,27,96,45,36,58,81,98,95,23,1,52,36,62,48,89,69,50,61,87,74,97,40,61,41,28,12,82,8,49,30,46,8,77,9,84,88,80,19,79,91,7,47,46,97,74,38,32,63,22,10,7,67,69,67,76,92
2,15,36,46,90,12,95,70,77,83,48,47,90,88,70,44,56,43,4,11,84,70,74,20,34,90,86,36,53,17,30,33,73,48,78,42,71,95,71,88,81,99,72,7,72,34,76,80,87,96,48,10,61,15,58,43,94,19,33,9,37,75,49,50,64,35,57,45,98,78,5,79,14,31,99,31,59,88,60,69,25,66,23,62,38,80,93,9,86,89,8,92,62,88,87,90,25,32,60,96,23,23,71,17,44,66,44,35,12,41,55,94,21,81,62,94,92,42,39,52,46,18,65,28,23,3,9,1,11,65,4,2,74,73,43,58,99,48,41,41,10,39,68,14,80,99,38,12,19,84,70,75,70,60,39,84,44,80,72,70,43,81,86,32,11,48,25,25,6,33,81,80,26,96,44,86,12,70,57,35,82,11,67,91,55,84,20,46,59,21,29,43,22,97,49,80,57,54,57,39,91,88,96,83,8,46,48,17,48,38,16,15,97,47,47,96,60,76,51,84,79,8,25,7,34,3,58,31,51,50,91,69,25,43,92,51,19,38,18,22,26,71,66,84,38,97,27,80,18,53,54,17,8,16,43,27
65,35,46,27,47,56,27,45,45,66,48,68,74,45,98,38,78,80,21,27,15,16,7,87,13,87,44,67,10,11,86,93,82,80,38,79,68,60,16,52,91,80,35,84,41,46,64,56,87,88,55,6,80,79,65,65,94,42,99,98,15,90,66,86,74,99,61,23,86,14,14,83,8,93,76,15,27,31,40,7,50,87,9,42,11,87,21,79,78,58,39,49,67,96,66,27,34,81,81,90,42,49,81,64,81,3,95,6,45,62,69,61,25,13,58,45,49,29,41,88,6,44,52,61,12,88,91,72,34,39,91,99,51,50,25,52,34,83,48,20,91,61,89,36,75,6,60,77,26,38,66,97,1,83,32,41,87,36,56,6,51,37,11,87,89,65,75,63,41,17,5,12,15,94,31,78,7,63,9,98,35,48,69,16,97,19,92,21,87,17,19,79,49,73,28,88,93,87,47,91,38,14,86,21,39,73,49,94,82,66,25,22,26,24,8,89,99,54,25,57,23,78,45,56,22,21,33,96,78,75,84,87,69,79,88,58,83,97,9,67,62,1,32,61,10,18,94,13,17,69,78,96,99,60,88,34
96,13,91,68,70,23,96,26,21,65,73,82,77,22,83,74,42,39,11,79,77,26,98,15,89,42,8,75,37,77,89,36,64,35,19,14,63,78,62,69,82,32,49,95,14,65,69,89,5,50,52,59,28,27,80,96,70,80,56,10,3,24,60,18,38,1,21,10,82,11,26,89,1,86,28,49,68,40,61,97,10,90,54,98,1,54,11,89,99,61,40,81,94,18,13,21,49,42,10,40,77,47,44,29,44,70,32,23,90,27,3,31,17,96,68,13,7,89,3,72,25,93,62,3,54,53,52,67,94,48,24,81,13,79,19,17,77,47,74,97,83,23,71,83,84,56,81,82,23,60,91,98,49,5,91,31,38,58,36,7,87,8,93,23,35,6,21,56,31,95,87,29,81,50,72,34,26,48,80,80,52,32,6,6,19,60,51,10,85,97,13,88,49,23,79,74,86,18,16,36,7,98,16,86,79,33,41,76,13,93,76,70,11,69,94,97,85,54,90,28,12,82,76,54,89,30,80,31,14,79,81,67,41,71,10,60,21,40,14,83,61,67,56,43,66,36,33,19,39,79,88,60,56,51,46,17
43,98,33,9,61,29,2,88,79,28,75,15,42,14,49,27,70,99,97,72,33,64,60,10,57,72,56,89,40,38,50,9,19,66,36,20,21,66,73,7,17,96,28,15,57,71,32,96,33,15,92,42,20,75,63,38,63,46,1,64,37,20,47,67,61,77,39,37,72,91,21,27,82,91,1,30,65,72,91,62,3,81,68,98,30,9,50,31,61,10,3,6,12,57,12,32,49,92,71,42,93,55,9,27,72,96,59,27,82,7,79,37,11,2,74,6,21,10,94,71,9,23,32,23,77,44,86,1,61,97,45,71,85,22,33,34,44,57,6,27,97,58,90,74,1,73,27,84,26,46,76,2,93,36,57,20,22,89,8,14,84,14,90,96,90,10,11,60,52,83,87,47,17,87,1,39,97,14,21,98,54,71,90,64,64,5,36,12,44,49,52,76,14,69,63,35,40,30,98,52,36,91,63,82,46,67,59,40,88,74,28,13,51,4,46,70,25,69,68,61,89,62,67,62,47,89,61,80,2,78,47,29,32,22,97,45,32,81,63,9,42,29,54,34,25,59,65,63,12,96,59,12,15,43,21,19
93,70,63,73,38,77,67,33,6,79,81,66,62,8,14,94,66,87,86,32,50,81,39,55,68,51,58,69,22,23,52,95,10,59,91,39,3,37,8,72,50,8,1,48,71,94,94,36,28,74,58,54,54,14,11,84,23,88,10,86,29,62,35,68,54,2,32,21,64,21,78,31,71,78,99,44,54,29,25,76,47,74,58,10,24,11,26,13,69,88,75,69,37,46,75,90,17,15,12,13,79,50,66,89,80,59,16,39,24,87,32,23,92,89,10,30,26,92,6,22,40,7,62,47,15,33,64,6,5,81,84,5,80,63,45,98,61,39,70,52,61,13,74,2,83,66,49,57,87,68,89,27,27,65,98,58,45,31,19,30,67,23,58,39,99,95,81,74,28,95,81,44,21,96,39,30,24,59,95,60,50,64,79,64,20,93,60,74,19,94,87,47,35,12,49,93,12,98,42,14,99,98,47,75,94,7,82,40,90,93,76,74,82,76,39,5,39,13,73,76,42,80,56,72,80,60,32,93,47,67,82,89,51,57,66,4,9,72,5,54,95,24,57,48,92,16,57,6,68,42,3,93,21,87,26,19
92,49,11,68,53,68,46,5,66,35,31,44,21,10,89,81,46,64,85,87,90,89,54,63,42,15,61,46,86,2,47,51,36,79,47,36,37,59,90,4,28,16,9,95,68,3,12,52,9,34,58,37,46,4,23,21,68,13,71,45,26,89,89,36,31,67,70,23,87,19,39,19,53,14,80,33,31,21,24,37,47,41,26,50,70,42,53,18,55,27,88,78,85,10,58,89,4,22,16,85,81,53,71,16,63,22,98,23,44,5,33,70,9,11,38,41,94,71,69,17,13,88,78,49,35,21,79,89,59,34,24,11,80,32,18,68,98,73,8,67,2,4,6,72,32,25,36,48,39,78,18,90,25,55,24,76,98,24,45,24,4,82,45,66,65,53,5,88,72,53,56,86,71,48,13,41,9,17,63,40,95,6,71,26,65,20,87,59,89,13,8,67,68,74,70,69,35,96,65,92,54,80,51,62,59,80,18,5,62,28,52,69,16,13,29,28,53,41,8,22,57,71,90,85,26,73,88,31,60,29,72,35,25,6,94,5,87,74,13,88,32,51,58,33,29,88,50,72,76,72,1,21,4,64,89,49
50,85,37,1,20,91,45,91,2,90,17,32,46,43,73,37,40,81,71,83,17,80,60,30,68,30,37,94,59,3,25,5,85,47,72,82,87,19,55,67,22,90,78,81,39,64,22,59,31,45,17,38,51,19,34,28,93,55,98,85,15,57,63,79,97,7,15,93,63,36,65,56,12,3,32,82,89,21,53,84,85,29,56,44,30,52,43,83,23,74,70,1,54,73,93,39,20,71,32,9,57,10,60,70,94,20,37,55,38,22,85,66,29,61,6,21,16,18,59,18,73,71,85,74,35,82,9,82,38,63,2,56,95,86,38,58,23,42,24,5,46,97,28,68,42,81,9,92,5,24,33,67,33,96,29,11,17,1,97,37,15,96,78,6,48,85,58,53,17,64,52,66,17,76,6,66,54,87,85,14,87,82,47,7,22,64,5,76,23,93,47,80,7,67,92,21,22,56,58,26,36,73,46,38,23,69,97,40,82,64,20,19,98,45,17,39,23,70,88,75,46,74,73,93,80,92,15,46,30,47,2,29,23,52,10,31,35,39,35,19,35,51,40,5,75,22,82,70,61,16,84,10,5,75,71,84
21,41,74,47,81,20,1,87,64,15,26,72,93,39,47,2,21,10,94,95,58,27,78,70,76,32,18,47,33,48,28,55,44,57,31,29,28,46,30,1,39,7,95,58,31,61,27,16,38,69,58,42,43,10,23,51,67,41,26,54,87,74,94,36,65,11,30,71,1,84,48,38,17,10,36,34,37,96,50,42,63,64,10,84,96,29,8,86,17,39,78,62,84,33,34,41,99,9,55,28,66,83,74,71,29,26,25,72,31,45,33,47,89,64,46,18,50,32,79,81,85,82,53,5,27,38,7,66,60,36,56,46,43,8,51,75,90,57,7,58,51,25,10,85,88,59,99,9,88,74,33,80,98,14,58,12,16,19,67,24,46,48,3,67,87,9,93,45,37,10,90,42,19,1,49,99,80,85,99,26,99,46,14,46,13,79,90,45,95,33,58,29,4,39,41,3,1,52,28,89,83,23,11,76,22,57,81,8,41,96,44,13,79,74,85,13,29,66,25,53,79,74,30,79,48,2,25,37,60,15,85,26,8,66,80,61,37,11,41,73,3,84,9,97,17,94,48,10,26,40,28,93,18,25,18,7
7,96,17,58,12,95,57,40,6,34,62,51,49,88,79,48,13,63,65,15,7,91,89,92,35,1,77,69,53,93,82,91,7,31,34,30,3,43,79,48,65,45,52,6,21,51,45,31,61,4,51,41,18,10,33,91,82,4,16,75,68,88,10,41,71,6,77,27,27,5,58,43,1,41,58,38,53,96,1,9,12,5,53,5,37,35,76,70,29,69,89,69,92,92,6,37,75,33,59,64,39,6,84,32,14,8,31,15,34,36,8,47,57,19,87,66,42,30,15,8,37,21,82,47,68,85,32,42,36,87,54,18,27,69,54,68,94,54,51,33,3,3,26,47,4,55,16,32,87,49,3,97,55,54,86,50,57,55,69,49,78,44,38,76,56,57,50,70,67,84,31,57,23,17,24,63,27,15,54,73,36,54,34,58,45,80,72,35,51,16,81,64,49,13,49,60,28,45,98,36,33,6,52,87,39,68,94,79,68,88,2,87,52,65,10,60,24,84,55,81,91,15,40,55,36,16,71,48,52,47,36,38,18,38,87,26,41,48,53,83,53,92,68,10,69,17,56,39,76,59,71,45,75,81,37,1
63,80,66,5,73,78,90,28,98,95,42,10,81,53,94,54,29,74,18,6,9,95,59,84,20,37,12,39,54,68,75,53,98,68,60,25,21,80,98,2,65,68,45,93,27,24,22,56,51,44,97,58,61,37,31,58,21,10,73,12,55,94,67,3,62,1,61,18,87,19,79,87,61,8,93,71,65,3,2,53,86,49,10,32,96,93,95,83,74,27,30,54,55,33,33,62,15,27,33,56,23,87,75,18,53,17,91,39,5,99,90,41,44,13,56,57,27,76,87,38,19,38,94,37,96,4,55,52,17,49,51,14,87,43,26,53,19,5,78,96,64,16,15,80,27,55,43,6,88,83,54,95,36,62,33,80,83,88,73,89,87,25,18,36,62,32,57,66,84,82,47,8,80,89,38,25,24,4,12,7,82,23,96,98,49,94,54,84,48,85,43,86,78,16,38,42,7,22,18,63,66,41,68,85,35,10,95,75,63,36,56,28,51,5,55,33,20,36,65,51,12,60,10,49,57,7,27,89,30,51,64,2,79,45,33,42,56,96,49,18,75,61,95,22,94,49,19,46,7,7,82,99,76,72,25,75
9,90,36,8,25,46,14,33,91,42,97,74,33,38,81,88,11,38,81,73,25,39,41,70,72,86,2,13,20,11,51,13,54,24,83,77,61,6,35,82,85,64,46,96,26,28,46,7,26,61,93,96,53,95,50,58,14,94,25,90,41,34,67,61,90,19,15,93,66,88,79,97,2,60,6,21,5,46,17,7,68,57,85,48,98,6,18,56,14,83,83,29,1,93,6,59,48,49,45,7,79,96,82,96,38,63,85,28,12,55,16,20,15,80,55,81,27,59,64,98,89,71,33,72,91,2,64,38,25,68,74,34,25,21,52,38,67,13,89,75,89,51,36,17,91,69,98,25,61,88,35,12,22,64,98,90,65,27,75,8,2,49,64,89,14,50,95,54,2,26,94,77,89,97,52,75,17,62,29,5,83,34,47,63,10,88,32,12,21,18,86,35,7,55,63,6,47,15,65,3,77,33,79,93,42,74,76,70,86,30,86,60,15,19,33,40,42,69,20,32,85,55,3,35,91,13,42,20,51,23,8,58,72,82,2,8,88,45,33,54,59,2,39,39,84,80,2,62,91,64,30,88,17,28,39,5
26,80,71,11,80,15,33,61,61,24,83,63,70,49,69,30,85,7,14,62,59,44,69,24,56,13,55,68,13,3,37,39,79,45,14,51,46,60,74,36,33,22,54,84,59,56,8,54,88,39,76,8,59,8,61,85,48,70,80,41,45,89,18,23,92,83,10,80,43,43,44,25,74,28,97,80,43,78,14,99,56,92,62,90,44,5,99,9,18,71,67,65,80,9,59,71,26,24,33,92,82,45,18,10,30,95,14,4,66,86,4,84,23,17,9,18,20,7,98,84,78,75,1,11,77,88,41,96,12,68,7,52,38,49,22,44,43,71,31,54,64,85,93,93,86,58,8,25,41,49,19,95,26,99,37,99,30,99,50,94,58,67,7,98,53,83,97,19,95,69,93,68,83,73,96,30,41,13,11,91,44,25,73,21,28,23,20,96,68,89,67,24,80,8,64,16,4,74,35,48,22,2,12,59,88,82,33,16,56,12,96,98,39,10,11,55,36,48,29,80,27,66,47,81,85,38,80,50,28,95,56,3,96,21,43,40,73,64,29,91,20,38,37,80,14,26,59,99,7,85,81,71,76,41,74,97
17,87,89,15,84,88,5,25,16,63,83,34,15,90,67,88,90,4,80,67,35,71,66,61,61,16,67,59,98,37,52,61,13,29,10,40,49,17,77,29,11,52,54,50,35,90,97,76,52,6,46,59,68,98,38,36,8,19,34,37,18,31,91,62,60,57,46,47,3,91,59,42,65,11,44,66,31,90,53,25,27,62,74,83,61,62,49,1,57,22,25,33,92,77,58,9,41,68,51,46,79,4,34,17,85,33,30,59,51,55,52,63,62,8,27,41,4,92,59,21,44,2,33,58,68,99,79,29,99,87,69,62,49,36,75,17,4,88,39,47,73,24,16,68,28,27,66,58,11,11,16,43,67,58,66,13,43,32,25,58,94,45,52,92,66,77,57,3,73,92,77,60,18,62,23,22,75,55,37,21,18,58,48,12,90,62,43,67,39,74,24,11,95,81,8,45,58,22,31,81,53,39,34,71,49,90,88,63,85,61,88,45,10,47,9,37,55,49,70,62,71,19,64,39,82,5,27,97,91,48,94,89,43,9,25,87,78,15,4,28,5,18,28,80,90,9,84,30,72,92,37,52,54,90,20,35
89,2,83,90,33,12,83,77,78,18,32,84,23,62,90,52,66,99,62,38,8,6,99,32,51,55,26,16,23,55,46,16,25,17,27,12,4,49,40,41,88,26,81,31,32,48,7,4,90,12,84,43,29,51,8,95,94,48,36,82,65,88,68,67,32,51,27,95,68,26,83,78,91,14,5,53,69,88,74,85,47,67,3,91,24,93,57,38,54,99,32,19,52,55,82,78,52,97,7,16,94,31,52,5,86,35,3,58,48,43,91,27,38,10,97,20,54,73,65,57,71,83,91,58,42,72,50,5,47,31,90,31,68,31,91,87,31,62,68,28,55,50,85,60,18,1,75,83,24,68,61,40,44,12,22,47,56,66,73,23,37,99,55,27,72,90,84,70,66,99,48,44,58,29,57,70,92,81,77,73,45,76,49,6,31,26,90,69,84,70,12,60,79,13,89,90,86,17,6,84,47,89,81,32,21,22,75,12,76,78,18,44,87,40,41,70,35,52,2,23,12,14,87,97,61,49,96,81,5,16,51,92,54,91,63,35,62,13,64,47,40,93,61,40,75,68,94,10,85,97,82,17,49,53,20,32
71,5,53,66,93,40,54,32,78,11,31,74,65,41,61,14,55,84,62,52,67,45,67,7,31,92,62,18,96,25,33,90,15,81,14,47,40,77,54,92,39,61,33,34,5,23,34,64,15,50,26,9,3,94,69,77,66,54,91,77,81,21,74,44,23,5,65,56,25,16,20,87,89,30,80,34,30,40,7,90,37,7,25,69,52,38,86,34,74,68,90,53,16,69,76,10,93,71,52,42,79,75,55,9,90,78,26,38,48,19,34,60,67,86,37,19,49,45,50,38,30,59,4,76,65,41,21,63,76,81,70,31,10,56,72,22,72,97,92,91,25,99,14,39,34,1,87,10,11,16,31,88,88,8,50,70,52,19,35,39,76,45,66,49,58,24,23,27,74,81,82,62,25,64,81,69,85,32,44,27,75,64,27,79,65,51,27,19,47,72,24,91,26,77,40,1,33,68,4,50,26,52,29,32,54,53,74,8,2,27,17,74,11,34,72,1,48,49,20,49,39,83,84,88,83,85,77,51,28,51,82,80,2,53,37,72,29,21,94,31,95,57,46,61,85,38,52,8,5,31,83,82,28,43,12,95
17,77,35,40,44,60,94,16,36,47,50,10,20,78,75,94,56,73,40,50,20,8,41,67,55,11,32,37,89,2,18,7,47,53,80,46,28,41,84,2,45,32,98,38,67,64,46,76,39,64,7,87,76,90,33,50,28,54,28,57,43,81,58,2,82,26,84,3,61,66,92,71,78,77,40,32,43,4,82,62,49,99,77,95,79,10,8,44,54,23,65,5,84,46,40,86,32,36,86,2,11,15,90,25,84,10,52,27,63,37,38,57,48,64,43,4,8,60,29,72,14,55,45,60,15,45,86,51,15,69,24,11,69,55,28,78,71,52,33,16,58,84,24,45,40,3,30,80,20,19,62,46,19,42,17,60,62,38,79,63,51,81,61,83,1,84,66,95,33,26,48,94,39,5,62,61,8,86,60,60,78,76,12,84,30,47,4,72,42,66,11,89,78,70,85,84,69,11,43,15,29,60,69,29,52,37,49,87,99,32,84,81,71,57,81,43,21,93,79,80,46,98,85,24,71,6,25,6,60,24,70,61,87,7,54,35,97,39,85,80,83,87,97,92,46,24,13,16,59,82,47,46,48,28,83,60
73,15,16,13,18,10,20,58,72,2,76,80,66,66,56,22,22,92,36,51,38,29,39,43,7,86,77,53,89,17,99,64,97,65,31,80,64,98,35,47,37,9,15,70,4,76,9,88,86,53,63,98,63,49,31,58,18,67,52,34,98,94,46,25,10,48,24,47,60,94,87,81,54,73,41,42,10,26,2,22,74,95,23,77,4,57,93,92,70,26,60,45,98,79,24,43,89,16,50,33,37,58,81,63,41,5,44,31,84,33,65,12,85,55,98,55,78,5,31,41,23,85,44,83,27,33,43,82,16,65,33,39,31,87,74,99,92,26,55,90,21,68,19,65,99,31,48,37,65,30,84,14,7,75,26,95,27,92,60,64,18,42,29,48,95,25,43,33,68,36,18,11,90,44,9,88,94,98,37,13,22,46,42,58,7,50,82,8,37,51,93,5,1,88,91,46,18,53,64,55,95,93,95,46,76,15,78,99,30,31,98,57,18,94,80,17,8,99,23,98,89,16,37,57,18,33,55,8,37,42,71,74,39,40,55,46,80,85,6,13,63,15,83,7,50,38,99,76,3,99,10,6,25,3,6,95
64,19,9,94,73,27,98,45,55,86,19,62,36,29,43,36,51,23,76,5,26,90,75,35,61,38,88,96,10,31,83,10,71,88,83,46,75,62,2,68,62,85,97,40,30,93,57,36,45,53,93,29,47,25,13,55,88,55,52,32,42,43,66,89,36,26,51,86,4,10,96,11,26,24,2,29,25,95,50,58,44,1,57,39,76,35,75,40,25,16,6,44,87,85,94,25,61,35,69,89,46,27,5,80,28,25,44,69,45,37,32,41,35,20,15,39,12,68,93,77,34,46,30,11,82,36,90,55,45,77,55,64,89,67,47,62,64,98,11,6,66,47,7,18,97,76,84,37,62,23,67,55,36,71,82,69,86,74,61,95,26,64,91,68,92,73,14,4,88,9,37,69,97,64,21,18,44,29,37,52,24,41,15,10,62,35,42,55,21,66,46,24,48,12,78,27,76,14,73,91,6,57,16,1,96,96,15,46,29,7,97,63,17,12,78,17,85,21,57,71,40,43,56,97,38,36,84,19,77,30,46,95,79,48,67,83,41,20,50,82,10,47,6,72,53,43,8,68,35,26,35,89,13,21,78,13
20,50,88,74,28,14,11,11,9,9,11,32,30,51,62,47,76,64,26,51,42,19,71,89,2,57,31,6,12,25,55,85,16,52,75,11,12,86,43,96,19,84,35,29,46,2,21,88,41,39,7,33,48,62,23,87,85,56,12,21,82,49,9,70,34,60,7,50,32,97,4,98,37,60,98,48,96,17,23,61,73,95,6,28,25,94,54,43,79,53,83,68,11,74,92,9,47,23,9,93,61,81,94,71,64,15,40,84,42,29,41,61,4,50,83,10,32,72,32,41,9,90,62,99,31,39,49,47,16,41,4,55,30,94,93,68,20,3,86,14,61,45,70,40,20,36,42,77,38,14,89,75,73,87,41,4,22,61,24,75,65,74,85,20,72,84,84,11,45,38,23,30,38,85,16,82,49,75,62,79,49,63,26,46,40,88,52,76,99,4,82,97,64,47,27,5,74,57,46,48,61,90,66,94,17,95,92,61,44,5,67,42,10,72,78,59,92,23,24,87,38,96,54,77,49,37,1,96,77,84,97,19,65,83,81,97,18,87,41,87,19,63,94,51,78,58,74,56,15,5,98,69,95,17,11,50
87,66,53,55,33,34,97,33,23,68,63,65,36,22,36,45,7,97,99,26,11,60,25,77,17,74,46,7,93,80,44,80,54,82,26,27,34,27,27,58,53,55,48,91,89,13,1,40,79,46,30,24,64,54,75,17,93,44,51,36,51,4,67,51,59,75,54,3,14,97,11,14,6,29,40,15,47,56,91,78,37,33,10,77,17,39,97,71,14,54,31,83,77,44,10,73,64,14,87,61,37,13,28,65,34,29,92,66,99,12,33,66,84,4,65,46,27,69,57,54,13,94,64,90,89,60,87,63,69,37,29,22,81,18,18,23,52,47,24,99,49,6,16,99,96,71,88,8,10,48,5,91,77,35,47,81,82,3,80,74,64,87,96,84,80,22,36,18,86,75,17,35,30,86,54,40,34,63,61,21,5,49,52,88,40,17,76,81,77,63,91,64,39,30,34,88,8,6,73,64,40,90,49,68,49,62,6,90,82,19,1,46,4,15,2,86,81,75,78,31,96,32,75,68,91,93,30,30,38,13,56,40,93,35,34,29,32,9,84,54,26,8,11,83,61,99,47,69,79,17,15,17,56,85,93,45
12,21,85,3,97,7,58,3,48,62,58,83,65,66,29,67,5,68,98,87,17,24,57,9,22,12,49,42,56,96,82,86,84,47,64,78,66,96,75,7,48,16,53,46,79,36,47,20,81,71,99,38,94,23,49,55,23,61,66,86,19,65,94,8,27,40,18,66,30,24,99,10,4,14,68,76,46,53,42,26,81,12,70,23,4,28,40,50,22,73,95,71,38,12,9,58,97,65,7,17,75,22,35,60,16,78,91,32,62,93,76,86,78,17,86,67,46,94,75,64,42,10,54,82,94,23,93,9,81,75,96,9,60,56,21,41,52,60,55,31,84,90,51,70,55,26,29,78,55,54,70,10,1,90,87,73,38,36,62,50,36,50,25,17,67,73,11,13,86,20,74,48,5,89,84,47,25,95,55,79,30,26,42,69,65,6,62,29,93,70,33,90,29,71,99,93,42,79,82,27,25,54,5,62,98,68,82,50,77,79,61,31,63,56,93,90,86,96,33,53,51,15,72,52,5,4,76,85,41,12,16,43,64,60,32,15,64,20,81,39,67,73,53,9,94,14,75,85,98,93,95,15,26,49,55,73
54,71,46,84,8,62,18,82,48,2,5,12,46,15,45,38,50,90,76,38,6,51,48,3,79,35,13,32,67,98,66,81,64,28,60,74,84,68,90,72,24,81,1,1,9,7,78,76,30,62,67,8,27,7,96,33,78,99,29,28,7,69,94,38,84,74,42,38,31,26,81,79,85,48,82,71,90,21,96,61,21,72,43,35,12,94,58,25,90,75,77,16,35,37,36,52,6,90,19,13,91,84,25,99,36,42,14,53,83,98,57,89,28,68,14,47,36,93,30,13,3,2,49,84,50,55,29,82,43,59,4,72,90,93,20,39,41,95,2,33,61,49,67,51,35,65,22,36,31,58,38,62,21,92,53,49,19,83,20,99,79,29,43,57,47,22,37,62,89,45,46,64,8,24,34,84,75,34,12,11,80,91,7,70,95,94,57,59,16,91,85,6,10,43,91,97,57,51,66,72,33,22,46,79,56,42,70,61,33,7,46,77,50,99,34,85,45,81,31,6,37,94,72,91,94,33,11,53,66,52,72,61,27,20,65,90,30,37,86,70,85,19,86,65,38,38,67,32,31,25,36,70,13,88,27,20
75,77,22,40,32,28,41,4,77,4,27,53,13,88,62,13,1,26,97,93,5,68,90,10,77,35,54,79,68,29,95,77,20,66,6,45,29,64,76,47,98,31,66,55,37,81,74,46,18,47,19,89,78,28,28,53,21,36,3,7,91,55,77,23,50,65,84,33,41,24,30,30,26,44,80,73,27,44,68,60,97,92,89,65,10,61,65,82,58,51,36,64,73,95,54,54,66,7,62,35,38,81,52,6,54,86,88,55,94,62,89,39,83,63,4,30,72,6,57,9,53,88,83,76,8,89,62,77,3,38,57,60,68,5,28,98,10,12,6,61,96,71,99,47,32,82,72,13,84,26,42,8,34,38,24,89,80,74,48,42,41,74,15,43,88,96,89,63,68,48,98,5,87,80,48,64,20,75,75,88,47,47,69,74,13,13,78,58,14,46,59,68,12,3,85,33,85,5,49,25,19,50,15,76,99,71,46,43,94,55,4,12,64,45,12,52,92,30,13,83,11,84,76,8,66,77,68,51,59,96,98,70,4,89,69,74,96,75,5,45,25,48,45,40,27,19,75,8,68,61,32,40,26,1,28,87
2,12,26,40,62,99,54,63,65,43,8,13,82,6,74,12,10,98,77,41,81,45,5,21,35,10,24,33,13,18,11,12,76,15,76,83,69,23,8,65,8,67,35,58,23,69,9,29,79,57,99,20,58,57,97,47,87,4,35,2,59,63,43,20,92,85,66,12,92,38,83,83,35,43,53,79,38,67,16,42,86,80,84,30,94,66,84,36,61,11,60,72,62,90,86,89,94,79,4,2,10,80,72,34,58,20,10,48,55,22,81,26,66,59,6,30,21,86,14,16,16,86,25,57,55,19,94,61,90,2,85,60,99,39,99,27,18,25,19,49,39,12,25,66,2,26,8,13,52,85,93,98,73,55,57,7,41,69,31,58,98,76,73,45,80,63,16,39,30,82,67,40,73,2,18,5,85,64,24,10,22,98,18,18,11,11,61,27,19,96,70,55,52,19,30,96,50,33,88,79,85,34,82,9,53,77,86,1,6,15,17,71,40,66,91,67,16,58,16,23,94,10,51,48,92,34,35,61,44,25,78,93,43,77,69,12,95,47,1,84,69,47,52,64,16,51,43,55,79,83,68,47,4,76,30,30
57,40,33,86,42,17,7,79,57,43,69,86,32,3,41,67,55,63,19,99,97,85,18,97,39,76,61,38,82,20,41,2,23,19,31,18,9,6,36,63,3,44,84,39,23,16,96,4,37,45,11,90,52,96,17,21,69,57,15,70,50,85,95,64,90,11,61,5,11,53,24,33,65,68,80,56,62,56,91,55,39,67,62,87,17,23,54,61,40,84,41,74,81,87,53,67,85,35,86,62,65,21,74,81,25,55,23,51,67,50,85,10,38,63,73,87,28,99,46,49,96,93,66,60,2,85,97,41,59,5,45,14,25,46,71,67,51,16,76,10,48,4,52,16,15,92,91,74,92,87,69,82,76,8,87,69,99,41,70,10,90,2,86,36,63,70,65,51,21,99,90,71,92,78,51,11,21,26,29,37,87,5,46,58,42,98,39,76,77,87,41,48,29,22,75,82,36,44,66,85,68,53,80,8,18,36,87,86,39,11,93,41,53,47,85,19,78,80,73,56,9,12,35,16,82,27,35,83,51,7,23,49,6,64,21,74,51,8,9,66,35,77,98,20,52,87,69,63,62,11,52,62,66,57,85,42
25,39,96,2,91,28,16,45,45,39,49,27,53,33,57,84,52,6,20,17,15,78,44,38,66,83,1,1,56,16,41,65,97,84,5,17,40,51,11,52,67,8,7,20,66,70,81,62,26,38,24,70,54,76,51,32,76,36,58,39,4,84,22,11,71,70,9,35,72,38,72,65,26,95,57,20,48,67,61,27,21,37,7,60,4,78,4,74,11,49,68,22,67,6,55,90,48,29,31,83,12,52,28,56,92,81,27,51,29,56,96,71,26,36,40,93,53,54,42,65,33,62,96,53,51,78,42,71,78,15,81,78,36,40,85,67,37,7,89,73,76,56,12,7,85,48,27,95,49,25,26,82,73,64,13,80,59,7,58,41,18,62,79,85,27,42,57,24,34,57,67,25,20,33,56,75,77,37,66,76,34,14,60,54,2,83,43,59,88,12,79,48,90,8,51,61,92,32,77,51,99,8,58,38,68,8,63,74,9,50,27,21,25,98,93,56,67,6,56,33,32,20,86,83,47,1,64,3,21,98,95,23,72,12,57,35,82,40,89,90,50,23,2,93,26,31,24,87,34,96,39,87,19,23,98,7
28,16,47,50,14,83,87,44,41,49,30,72,22,13,95,39,48,84,91,96,3,31,26,82,83,65,99,5,96,20,51,86,62,61,33,11,49,11,43,19,61,87,36,12,38,34,84,2,24,17,4,13,23,36,92,45,70,15,51,8,43,34,15,28,1,42,86,25,79,97,14,80,32,1,87,80,43,11,20,81,54,24,43,22,78,26,36,40,94,25,5,83,84,9,28,6,55,18,64,41,85,10,12,39,48,66,14,14,55,22,2,22,63,65,15,61,81,65,24,15,26,58,75,7,26,6,90,88,74,7,67,16,67,3,53,41,60,5,38,56,57,17,5,70,34,25,54,10,49,1,55,85,4,44,18,28,71,12,4,18,47,33,34,79,26,54,71,37,81,89,54,68,87,9,94,44,54,90,3,90,92,95,1,27,18,51,46,63,93,77,59,50,99,11,78,23,23,25,68,17,94,16,12,27,53,89,88,71,28,75,87,43,22,5,50,72,67,24,51,31,85,84,66,34,18,45,91,50,33,4,27,96,52,34,85,76,70,2,76,27,36,95,36,11,20,8,87,49,78,68,43,29,74,35,48,74
73,3,19,41,44,62,1,4,1,1,51,1,39,8,53,50,59,98,60,70,92,19,29,63,4,27,68,61,14,33,65,78,58,3,80,70,53,51,33,89,48,14,55,54,72,45,84,28,24,39,52,42,24,78,12,82,74,93,99,75,92,27,86,26,62,96,79,49,93,54,48,79,94,25,1,25,84,7,14,5,11,40,66,9,82,33,90,78,94,52,60,48,61,37,22,46,5,49,13,84,34,25,53,42,10,67,72,20,34,81,1,95,24,52,52,73,74,12,47,32,15,18,73,76,94,63,88,8,83,77,10,43,95,40,93,83,29,22,66,96,37,98,31,17,44,18,40,67,63,65,84,50,50,17,92,24,12,24,4,47,41,12,93,84,95,42,80,89,14,47,21,54,37,40,70,29,29,2,52,5,98,5,40,61,93,46,72,76,63,49,70,35,78,7,95,97,99,74,50,4,78,89,76,67,83,26,82,47,69,41,15,3,86,48,66,1,57,54,13,16,23,19,98,83,11,99,76,76,2,50,32,4,84,95,22,16,48,85,18,47,70,5,46,65,84,81,38,40,87,83,17,9,61,65,83,26
75,74,59,76,9,35,79,33,37,3,80,76,15,88,28,72,21,86,1,69,89,34,48,10,49,78,84,15,48,45,89,4,38,2,12,10,14,28,45,12,89,18,71,78,30,18,52,32,39,19,98,15,26,23,38,82,9,61,98,21,33,84,90,97,60,24,8,58,29,37,23,58,2,89,65,89,95,73,6,88,3,22,18,40,80,80,25,14,21,3,53,9,51,61,85,4,88,81,31,72,90,39,4,60,88,3,87,20,12,25,89,97,90,74,48,97,36,64,89,45,47,72,8,36,73,56,86,96,18,55,47,24,52,64,45,7,27,82,66,91,22,8,75,23,97,75,62,97,8,32,77,64,82,68,26,29,6,5,88,25,5,89,24,4,11,83,43,25,81,9,24,14,29,26,84,62,77,83,38,22,39,65,37,56,26,2,35,86,51,13,81,6,24,40,29,30,65,35,37,12,27,90,13,38,48,84,43,70,71,41,94,33,27,66,37,76,33,32,15,19,9,61,65,7,93,56,32,11,49,64,82,50,48,19,35,60,11,86,51,87,4,14,88,45,33,75,4,68,17,33,10,17,40,70,22,37
34,73,7,65,88,59,43,47,35,18,31,30,22,44,32,55,74,62,3,74,18,10,79,45,18,92,94,89,54,50,70,64,49,33,99,6,35,19,11,10,95,5,69,89,6,70,75,9,3,38,3,1,53,26,51,94,88,76,86,44,80,42,67,54,62,41,73,70,90,61,19,25,79,38,83,15,61,70,60,22,21,55,6,26,54,85,87,60,9,49,52,90,62,90,18,16,53,79,25,5,58,80,62,13,35,87,48,66,95,72,49,14,78,2,46,76,9,55,78,56,98,28,18,47,44,62,64,71,71,34,83,16,88,68,34,55,90,59,17,81,19,92,34,18,1,97,3,94,62,42,18,85,92,77,27,55,22,83,70,91,60,59,35,75,42,79,79,30,37,5,24,51,5,14,42,80,62,11,51,29,31,69,76,55,81,5,11,67,31,44,45,46,52,61,16,98,83,68,58,75,53,65,73,21,27,30,67,18,61,43,21,32,77,78,38,22,40,29,89,32,30,91,45,64,38,61,95,87,32,30,75,91,24,95,46,91,84,25,72,15,41,96,95,68,56,11,48,71,44,1,53,40,59,75,57,62
38,59,36,15,79,77,28,65,25,67,4,74,19,33,97,74,49,85,18,2,83,70,41,25,12,66,94,65,48,14,92,21,75,31,50,94,34,87,57,9,3,74,85,18,18,13,49,66,67,90,68,35,76,30,76,19,81,40,33,30,7,8,24,27,86,12,44,14,14,57,22,31,4,89,57,93,11,79,43,1,38,59,56,58,38,67,75,96,9,38,33,20,23,30,8,1,74,18,44,55,7,94,24,38,85,76,46,44,58,43,72,30,13,20,73,50,66,24,29,42,12,75,73,89,72,58,28,16,34,81,34,68,85,41,39,95,2,62,72,98,47,14,89,26,55,87,55,66,70,73,14,18,44,52,65,80,95,28,98,25,32,33,33,4,30,1,60,41,61,29,51,25,82,35,36,82,60,61,18,84,20,19,84,84,86,11,69,25,8,91,59,31,7,82,21,48,43,74,46,35,14,90,55,27,44,55,26,67,49,51,60,86,54,36,70,98,28,79,87,27,35,57,67,29,46,35,21,65,52,42,76,63,45,24,17,94,42,72,15,58,22,21,88,87,66,43,9,97,47,75,7,14,5,81,50,18
83,79,95,53,93,86,46,25,54,99,17,28,46,2,51,22,52,13,47,25,34,27,33,48,62,56,69,38,23,95,70,69,39,41,55,63,75,35,43,54,61,93,42,72,62,46,69,7,38,4,48,32,61,47,51,73,59,15,69,97,93,25,18,27,57,87,98,39,74,78,78,58,3,80,4,65,44,19,81,48,1,33,15,58,74,7,54,13,58,58,52,79,12,23,85,74,32,96,48,7,14,96,90,39,46,79,41,90,25,41,61,14,97,3,17,56,19,33,54,3,20,98,82,83,77,40,29,73,62,75,95,71,3,35,95,84,99,63,28,21,72,64,17,41,14,47,83,40,82,25,22,32,89,96,49,4,86,52,70,15,82,66,2,92,11,27,38,4,26,40,53,15,31,49,37,45,96,50,40,44,57,23,57,92,87,15,70,5,33,39,15,77,19,3,28,71,59,23,27,51,1,89,16,56,48,57,73,42,98,22,49,25,9,84,65,78,11,47,62,70,86,85,24,70,2,62,91,72,92,51,44,8,59,51,79,57,27,49,9,12,90,22,70,99,51,92,96,17,69,52,73,65,70,51,15,3
55,45,14,18,84,46,81,52,30,36,87,97,30,62,6,81,41,57,44,86,97,95,48,89,83,38,12,48,42,55,67,37,25,48,50,11,35,72,8,74,48,16,37,13,4,94,43,35,42,21,44,36,19,23,98,2,80,18,67,3,86,33,25,77,95,17,46,75,96,96,92,82,57,26,42,90,58,61,13,74,17,71,64,24,1,75,75,69,81,67,77,84,94,87,28,98,64,91,46,68,9,83,47,97,87,39,22,67,80,13,29,77,13,53,96,68,36,1,69,48,17,14,98,84,97,94,35,36,2,57,70,66,45,76,73,40,74,42,77,79,21,63,72,11,7,12,25,44,9,20,11,86,8,10,87,74,40,14,29,51,78,5,71,4,92,64,99,75,60,1,54,24,31,10,54,90,20,85,97,8,79,5,39,36,1,16,9,73,71,15,94,35,28,80,94,81,13,76,23,88,91,83,8,10,10,69,49,26,13,26,29,41,66,34,42,31,67,55,34,50,16,44,65,88,10,60,88,41,93,89,15,50,86,79,28,86,1,36,90,24,23,28,76,95,76,75,88,67,27,46,28,60,45,33,51,70
25,12,66,28,60,99,1,66,43,54,60,85,10,23,60,31,27,24,41,3,9,90,29,97,74,41,43,58,97,67,95,21,23,58,3,51,50,67,1,88,60,38,69,37,44,86,27,61,94,25,24,19,78,97,23,52,37,22,66,65,21,13,95,37,18,69,52,5,94,50,60,24,82,25,73,71,84,42,60,14,29,55,94,9,8,32,2,20,16,50,11,46,51,67,98,56,10,22,36,64,27,91,7,80,89,38,15,68,55,37,46,44,15,26,94,93,77,9,83,28,62,21,98,29,97,51,13,45,12,67,12,67,6,5,28,2,52,62,18,9,30,90,87,93,12,33,70,77,9,70,24,44,80,65,23,88,99,80,1,18,35,74,60,64,7,28,15,66,72,75,60,86,10,48,51,85,74,33,41,62,80,97,23,6,55,73,97,34,58,43,83,64,58,45,92,63,59,79,34,78,93,91,77,67,77,5,14,12,43,98,88,71,94,14,34,62,9,1,71,41,88,89,31,72,89,14,67,3,18,74,37,79,23,89,34,42,81,77,81,86,21,44,71,75,9,2,27,98,65,92,4,28,35,30,72,47
79,5,93,27,73,94,86,14,92,72,85,65,57,16,95,23,50,95,67,57,66,1,29,76,21,59,63,31,32,10,81,52,6,27,83,76,44,92,87,63,53,32,23,9,23,93,24,67,64,41,88,11,78,27,14,62,82,98,60,78,51,40,1,77,46,3,7,97,45,48,2,26,8,4,27,92,68,39,92,37,49,14,43,35,84,72,42,82,72,83,60,40,96,80,71,25,1,88,24,31,61,1,82,24,53,12,80,69,34,92,15,56,34,43,14,2,95,88,73,6,61,51,84,66,40,42,49,70,37,90,9,51,26,57,13,70,86,22,8,74,1,12,81,67,34,87,43,17,81,79,62,82,36,76,81,19,25,70,84,9,8,76,29,86,18,80,46,62,69,18,83,43,97,59,79,80,56,57,18,87,36,28,97,61,75,55,60,89,22,37,6,24,35,85,13,3,17,85,13,39,68,59,61,33,19,63,66,65,18,72,39,44,28,12,25,45,26,93,44,47,17,30,31,22,28,35,87,89,84,78,34,3,15,62,14,34,40,68,37,81,46,19,12,85,12,36,40,4,39,37,81,63,45,50,29,34
60,84,78,61,89,62,47,24,54,11,70,5,85,80,59,68,99,19,3,75,67,97,45,20,41,30,2,15,81,33,9,21,82,79,94,86,40,91,55,43,50,2,99,99,86,6,42,87,33,24,70,93,73,52,42,41,17,9,26,8,93,71,26,25,12,85,93,86,54,92,94,89,77,32,47,86,65,86,17,13,11,99,62,47,12,2,53,81,91,7,10,69,97,70,68,25,23,88,36,36,99,45,94,4,4,84,8,80,3,88,59,31,37,62,95,98,55,22,85,24,78,79,21,49,92,23,80,10,21,9,98,93,84,23,16,85,70,47,88,78,15,70,15,67,91,75,58,85,43,70,72,26,23,27,40,61,51,75,81,2,41,53,17,50,15,56,50,10,36,27,74,69,40,97,25,30,90,3,39,38,39,71,10,34,49,34,58,67,35,15,13,78,20,8,95,39,6,45,25,30,97,55,28,97,35,72,77,75,26,66,25,58,42,92,67,82,14,43,12,34,75,43,72,87,73,80,92,32,37,18,72,96,99,63,33,54,55,25,59,51,70,89,9,25,57,74,27,65,2,19,45,80,82,74,2,56
29,35,28,42,12,36,66,86,87,67,41,52,30,72,59,30,69,33,32,3,45,47,75,61,46,76,42,15,41,95,71,83,50,5,46,99,78,30,63,90,93,79,46,51,76,44,62,63,1,57,20,60,21,58,85,43,22,23,48,69,38,1,45,4,18,86,80,58,60,45,61,37,29,25,16,64,38,76,89,40,79,54,25,74,95,35,44,56,60,61,28,79,16,67,29,36,23,10,12,67,38,51,87,67,38,71,97,60,82,57,95,44,76,51,38,4,27,72,5,94,98,14,19,56,10,99,37,64,13,98,30,10,33,70,21,89,75,85,96,11,48,72,87,81,21,35,49,22,15,7,75,22,12,48,16,80,67,71,64,27,76,1,50,60,61,43,41,85,54,3,85,80,56,99,24,70,20,55,24,5,77,30,28,88,87,89,20,69,68,2,23,17,76,10,55,71,20,32,64,68,41,50,74,38,50,24,79,60,65,35,8,34,68,65,1,31,80,35,29,82,64,9,15,71,88,46,56,49,72,37,96,55,10,70,93,39,26,68,35,55,38,42,47,66,86,65,62,19,71,92,60,8,28,95,57,16
55,45,86,55,11,40,71,94,73,21,60,2,87,8,11,69,64,70,81,43,71,61,37,94,71,84,57,88,39,5,74,58,79,58,59,52,11,87,11,30,26,35,83,84,90,36,48,10,21,36,97,47,99,16,74,12,59,59,84,40,76,38,18,54,17,35,46,64,28,20,82,2,37,73,49,19,65,17,84,70,64,11,99,13,80,30,13,31,12,71,78,92,2,76,15,11,70,77,57,32,14,53,29,82,66,32,32,69,56,97,66,98,50,76,74,31,61,32,73,95,87,43,65,38,93,94,77,38,99,30,45,30,82,76,8,77,70,5,95,16,79,98,81,52,17,25,20,26,73,72,84,18,18,82,48,67,55,81,38,44,55,81,57,56,54,36,84,50,85,48,72,60,84,93,58,36,16,8,2,50,89,7,54,44,55,97,6,16,89,10,88,33,2,34,90,10,94,21,19,73,31,2,17,27,26,59,42,88,14,72,16,82,3,55,2,75,73,33,89,5,95,30,53,98,14,59,5,14,41,89,26,4,94,71,95,54,29,30,2,54,1,59,88,86,57,54,82,32,68,96,57,86,40,39,52,99
9,16,81,55,72,1,57,78,92,16,98,96,70,16,41,77,37,60,21,92,41,41,31,52,54,39,84,55,23,49,21,71,44,71,27,18,23,98,52,62,95,22,17,50,94,70,3,56,69,93,99,1,34,69,96,44,94,47,79,37,1,85,75,42,82,10,13,43,6,7,28,65,38,53,37,53,24,88,25,5,11,30,7,78,32,40,37,49,11,92,19,36,62,42,82,25,80,69,97,51,20,73,40,86,52,5,95,83,18,48,77,75,66,32,80,40,46,43,11,42,69,54,94,30,70,58,73,7,37,6,43,78,73,28,28,19,9,57,8,47,17,25,58,53,73,53,60,35,46,82,26,75,96,92,22,71,88,15,15,53,19,38,34,79,84,34,58,15,91,68,82,47,58,44,14,98,26,34,32,70,67,25,30,56,14,27,80,45,78,62,56,80,54,93,36,47,23,66,76,74,38,48,59,17,88,61,92,51,18,85,52,3,37,41,43,36,24,81,81,78,25,20,96,73,92,15,32,92,22,53,37,42,84,77,55,14,6,82,52,6,12,80,24,47,76,74,94,64,57,82,44,1,9,40,42,59
60,79,57,27,80,18,90,94,31,83,72,86,10,72,5,10,19,64,29,56,62,53,49,75,97,61,81,55,17,11,99,74,83,18,97,57,6,4,43,38,45,88,6,4,17,19,3,34,30,60,44,64,64,27,56,75,29,56,25,48,92,23,6,64,43,97,70,7,65,39,57,45,80,42,75,88,50,21,36,34,91,84,77,33,49,83,9,95,30,60,58,45,22,51,14,43,79,39,77,12,88,29,87,46,5,44,17,57,64,54,65,2,83,68,25,16,34,54,21,45,30,96,26,32,70,90,96,72,58,74,68,67,82,53,15,45,53,99,99,12,7,81,81,47,96,72,68,67,49,41,29,15,83,55,60,7,72,27,47,77,39,67,61,26,72,17,32,59,66,84,36,8,57,97,18,77,65,53,37,21,56,81,76,67,90,2,64,24,56,48,70,1,84,36,39,41,95,12,31,32,6,18,14,91,91,66,6,37,97,83,54,8,21,67,17,5,66,24,20,76,34,22,98,2,88,45,26,62,5,44,60,83,74,29,42,22,45,84,63,66,78,84,35,40,30,92,79,2,39,50,64,41,47,5,2,32
68,83,62,8,18,81,66,30,52,11,13,6,79,21,26,31,60,73,59,32,17,88,84,88,49,32,88,17,96,90,64,48,30,98,98,48,70,76,46,76,25,64,25,90,11,31,82,18,15,55,21,76,20,4,79,84,67,29,2,90,87,76,12,32,68,34,6,38,23,78,18,19,10,30,92,21,28,52,33,89,99,44,98,46,31,11,37,46,30,72,2,50,24,96,2,12,63,27,44,72,56,78,54,14,92,36,14,8,82,99,90,83,67,42,47,73,56,21,94,65,24,58,67,62,79,84,9,28,91,70,15,82,72,19,50,50,85,29,35,18,27,48,96,87,92,29,38,53,79,78,54,34,55,19,82,2,88,72,99,37,71,5,95,30,28,13,49,53,46,83,37,83,93,91,41,29,53,3,88,8,63,37,86,75,1,11,33,44,99,53,61,10,64,94,46,18,4,10,44,22,81,67,47,46,40,14,77,15,95,67,24,96,41,25,54,87,52,4,62,21,22,72,3,96,72,72,77,87,7,64,17,55,81,64,88,74,35,75,77,98,37,85,97,57,73,38,32,61,89,13,37,81,50,53,10,66
75,3,13,95,37,84,43,32,73,82,65,80,59,82,54,97,6,10,78,17,92,9,1,58,77,36,76,25,73,57,66,81,1,40,9,35,7,40,42,9,40,86,49,19,35,53,37,49,41,24,89,48,21,64,64,46,68,70,18,75,9,54,65,33,72,23,16,33,78,64,35,45,11,35,19,24,14,35,69,87,86,87,68,32,45,76,35,66,44,71,99,21,76,79,97,37,50,31,27,61,4,54,56,42,87,58,10,78,7,99,54,70,30,55,14,89,16,30,8,6,94,65,28,39,69,53,4,94,51,46,52,80,50,86,65,37,48,72,23,74,73,94,78,37,96,93,58,49,67,71,4,94,24,44,85,15,87,85,40,23,78,83,62,65,75,72,72,86,81,98,73,21,61,1,21,70,50,26,42,1,62,94,3,50,63,22,56,97,1,32,63,97,68,16,65,68,3,64,73,77,55,29,87,36,46,68,82,37,38,92,73,37,7,50,60,36,7,2,30,55,46,43,27,2,12,27,6,61,2,65,6,6,32,35,64,29,23,18,23,74,34,39,47,23,80,79,28,40,24,88,35,61,72,21,16,17
32,74,98,35,18,77,42,23,15,20,1,90,8,40,47,72,73,3,12,66,49,65,11,69,16,75,1,77,30,20,11,25,73,73,42,82,96,76,16,11,19,67,5,32,66,72,6,62,69,61,57,7,39,17,56,54,44,13,15,99,15,58,55,39,57,61,84,27,72,42,34,22,44,9,30,84,76,55,2,2,88,55,8,5,10,18,9,11,38,49,64,15,28,1,81,4,83,18,74,53,61,37,80,4,20,76,44,29,76,12,17,81,17,18,95,47,74,28,36,70,4,49,84,43,81,30,54,44,22,41,81,12,97,11,81,51,64,55,60,36,58,2,77,24,82,39,25,48,72,34,80,64,14,7,49,6,94,99,80,89,79,44,84,50,16,10,81,69,9,67,16,15,10,40,44,56,30,76,71,14,77,70,58,41,79,14,1,3,46,33,6,21,62,18,2,97,28,37,54,58,81,25,52,43,95,6,97,67,34,78,40,13,65,24,79,44,69,35,75,42,43,95,72,30,17,91,39,51,67,2,6,42,89,91,54,4,12,38,5,21,6,44,52,62,93,94,52,19,59,53,80,42,72,14,41,78
25,79,20,3,32,55,52,36,25,55,25,90,76,97,93,71,42,40,41,31,40,47,15,50,92,85,59,45,56,82,56,89,36,51,87,92,68,74,10,80,66,3,80,61,70,15,25,22,94,32,80,71,15,46,7,35,44,60,73,49,27,60,3,8,73,45,89,66,64,11,72,12,77,5,83,35,19,56,39,66,27,16,35,61,26,36,12,66,19,17,97,68,87,69,68,46,63,29,59,61,83,46,56,85,38,16,29,94,40,56,98,94,84,49,65,92,34,1,46,20,2,80,47,92,99,9,68,45,40,72,52,2,70,70,64,80,25,77,26,6,6,28,96,98,93,40,8,29,4,79,50,20,95,45,55,42,46,12,13,60,69,66,7,16,75,53,81,99,54,56,3,89,36,64,38,26,83,55,42,2,25,66,55,21,27,92,3,34,20,89,65,63,9,11,58,66,37,54,96,76,26,50,26,4,88,49,55,89,1,93,89,63,52,96,87,18,27,65,90,77,39,4,46,76,84,46,36,67,46,25,82,55,85,1,54,21,35,65,14,76,37,41,85,14,12,21,91,47,13,68,40,40,51,87,94,45
82,40,44,65,64,37,81,65,5,58,33,55,24,15,23,58,51,11,93,97,4,63,46,88,75,56,70,1,74,95,77,79,52,46,84,46,95,84,26,88,49,25,81,23,90,68,95,75,93,83,51,77,18,7,67,81,24,32,38,34,86,36,13,50,71,73,27,19,27,45,94,76,74,23,93,99,62,30,17,44,68,93,83,29,17,91,3,38,64,59,34,78,73,99,48,47,98,83,78,30,7,92,79,6,30,16,37,66,37,54,57,21,69,1,58,30,48,50,77,41,75,2,30,2,65,23,50,70,99,53,10,83,83,96,75,12,61,80,30,85,93,32,67,3,73,83,77,8,62,47,39,94,50,67,73,64,11,76,35,86,20,81,76,14,65,99,59,58,44,78,34,25,99,83,37,67,91,99,88,15,37,86,19,29,44,88,93,19,69,67,33,61,51,72,73,70,41,4,62,95,23,85,68,96,14,64,89,34,78,75,22,64,93,33,37,15,46,24,63,47,4,95,81,14,76,93,74,79,54,2,89,72,1,86,19,27,39,29,48,95,88,62,22,46,51,9,6,30,43,47,73,74,30,83,41,55
33,33,37,81,89,56,39,53,72,92,59,93,33,77,43,69,22,14,39,68,68,86,23,7,17,8,38,63,51,84,3,77,4,57,91,30,42,85,87,28,52,76,6,85,92,47,28,89,30,32,93,42,92,14,20,18,83,74,37,42,74,88,40,70,59,27,14,95,49,12,64,13,17,1,55,70,85,34,79,12,49,22,31,51,96,57,49,40,5,72,18,25,9,71,56,53,82,44,5,67,74,58,4,90,7,99,45,61,14,23,4,71,57,48,5,12,67,99,5,33,82,9,82,22,84,70,77,83,34,14,96,76,80,35,63,1,62,83,91,4,83,75,10,71,30,84,55,22,44,14,57,78,51,21,55,8,14,88,19,62,60,74,42,4,87,31,89,73,47,10,99,24,13,17,31,71,78,93,78,4,34,68,6,86,26,17,79,48,54,38,96,61,95,46,94,36,98,90,43,65,28,51,92,84,87,79,49,95,43,4,97,56,51,61,91,20,28,58,93,12,22,26,14,74,65,24,90,61,80,54,48,76,60,71,75,20,9,58,26,33,32,86,59,89,40,17,89,57,54,23,34,37,26,62,69,34
4,55,73,69,99,87,73,46,8,45,22,56,3,69,6,60,23,69,17,49,33,21,63,84,29,2,57,38,34,24,5,86,64,46,7,41,30,96,62,8,99,99,62,7,95,42,34,27,11,37,75,7,31,61,95,62,37,98,81,21,27,44,11,86,45,12,65,16,7,96,21,27,80,53,20,26,58,73,84,33,61,15,35,40,92,8,39,50,55,83,60,33,67,52,50,7,57,79,67,59,65,5,45,18,42,50,13,18,89,53,85,64,58,36,52,11,56,4,96,21,59,21,68,51,78,68,81,54,99,21,2,25,91,18,9,24,31,81,24,43,77,77,75,13,14,97,26,63,81,51,53,22,3,76,72,33,96,81,36,5,15,21,46,83,14,46,2,29,26,85,23,76,80,38,97,5,87,38,37,27,92,40,95,37,56,5,40,17,81,63,80,53,82,40,37,75,24,21,51,33,52,82,79,36,83,47,12,6,37,94,15,76,13,11,33,73,44,27,53,29,49,95,72,9,88,48,83,69,29,69,41,14,31,17,33,2,38,30,12,29,4,76,1,32,43,33,83,80,15,21,29,57,55,11,4,48
69,37,94,84,90,65,79,62,5,58,16,64,47,88,74,1,62,36,64,81,31,24,41,47,39,14,35,90,38,61,48,16,51,8,66,62,30,19,9,57,28,16,75,46,56,65,36,88,40,9,26,86,89,14,28,74,92,27,44,55,60,35,37,30,4,32,54,54,94,8,66,77,23,95,13,34,23,15,64,40,3,27,17,7,49,68,17,40,6,57,82,13,90,69,45,12,42,62,99,60,40,36,81,49,72,93,2,21,34,93,19,23,75,10,16,33,44,28,2,63,96,48,30,79,58,94,57,70,61,97,21,61,27,88,11,64,28,90,27,76,19,70,50,95,16,59,3,4,35,9,22,71,71,71,64,91,56,89,8,48,76,62,23,16,51,43,87,84,9,14,71,32,9,28,32,18,49,43,27,86,52,82,19,89,88,83,76,48,56,62,31,50,68,73,60,66,70,47,26,91,75,99,94,21,41,51,42,4,62,1,82,23,67,85,62,68,54,9,77,96,65,45,73,8,52,76,34,38,17,16,8,33,10,36,21,97,70,54,61,47,28,90,92,4,74,6,18,45,47,74,24,67,84,42,65,82
58,46,33,24,66,83,75,44,15,30,21,7,26,45,8,60,70,72,27,27,17,12,13,5,81,57,46,51,53,25,59,71,5,1,68,49,32,91,25,2,2,5,68,79,39,27,12,15,36,91,18,96,93,73,19,60,58,15,4,4,8,96,19,68,17,16,84,2,71,43,10,26,69,23,51,85,16,59,49,22,9,29,83,58,20,55,2,94,60,78,60,32,44,26,81,80,95,33,29,97,8,14,34,49,32,18,19,19,9,87,74,80,24,77,25,37,57,48,66,13,43,65,19,49,9,28,66,81,59,57,66,82,64,93,13,72,41,73,30,50,59,15,65,88,97,31,39,19,52,99,66,73,97,12,66,80,23,17,12,94,18,87,32,84,38,15,50,17,51,75,65,62,3,57,64,37,72,16,77,99,16,24,24,65,21,5,36,75,28,64,27,41,13,95,60,74,50,92,44,11,17,35,12,33,16,71,87,47,80,96,90,30,79,48,44,95,94,49,31,86,11,97,48,49,86,24,9,87,40,60,80,29,57,45,68,11,80,68,36,60,91,17,66,53,22,98,9,44,40,26,72,23,34,41,3,81
64,23,85,52,34,54,80,83,79,36,58,87,91,68,18,49,26,44,65,58,91,67,11,40,53,67,2,14,48,34,62,42,14,95,30,17,80,81,61,35,20,2,97,67,49,77,24,9,68,61,80,16,32,67,10,52,20,19,35,1,54,2,53,39,49,23,74,26,81,33,37,13,71,89,59,64,26,32,46,47,88,35,2,90,81,70,89,4,15,15,30,86,97,25,3,31,33,44,16,92,70,86,1,76,67,75,40,62,97,91,66,22,58,97,35,23,84,55,70,72,90,66,22,99,49,46,20,48,2,60,24,18,22,93,23,48,85,12,71,17,81,43,4,8,93,75,41,9,46,90,89,90,13,80,1,55,32,55,1,7,26,10,15,95,34,30,45,13,77,27,2,11,46,72,94,60,39,35,20,18,3,83,82,24,83,15,90,77,34,26,55,43,85,84,68,24,84,81,37,85,74,63,72,98,12,86,3,22,87,24,23,30,99,24,91,9,85,87,66,36,34,8,82,24,82,57,11,76,6,41,41,40,74,51,37,16,54,55,54,47,70,78,11,11,5,46,86,7,88,99,74,93,1,56,22,12
51,89,61,88,27,44,54,89,69,33,31,93,52,49,42,35,54,50,5,72,93,42,37,93,10,66,4,47,21,21,81,31,72,82,47,98,35,37,91,99,45,48,22,1,47,1,58,88,24,64,55,86,41,57,57,9,87,70,78,33,19,57,68,10,48,19,84,17,16,8,2,64,29,28,90,66,4,26,35,6,4,16,84,19,12,69,26,69,48,24,7,4,13,92,93,66,68,12,92,47,47,67,63,12,71,19,79,62,15,46,59,51,16,78,35,57,92,38,7,77,74,42,62,47,37,6,29,69,2,79,84,2,90,87,69,16,10,28,24,11,1,67,28,19,81,9,51,87,9,17,90,19,1,24,46,36,64,33,30,19,5,15,66,25,69,29,25,52,90,40,44,97,64,28,36,63,9,66,78,30,62,10,70,60,47,65,81,34,52,68,71,58,73,8,43,66,81,36,96,23,65,46,63,97,90,93,33,91,89,84,59,81,70,26,90,63,40,83,36,40,90,2,55,12,11,50,53,26,73,68,21,74,77,9,19,47,86,80,24,51,39,65,81,18,74,70,93,25,17,33,95,66,20,15,22,96
73,9,19,46,37,37,2,96,96,61,75,85,98,39,28,67,51,28,92,25,95,85,64,37,98,59,14,23,53,5,31,22,65,58,58,49,70,63,38,34,41,38,91,42,16,47,83,49,93,89,15,49,64,85,55,99,25,4,10,61,58,89,82,53,39,57,19,28,72,60,93,13,59,38,88,15,72,15,56,71,24,51,66,57,41,74,89,98,63,18,26,52,48,4,7,46,57,9,62,60,92,60,62,53,65,74,69,71,76,42,59,24,43,60,83,39,40,18,19,90,1,2,76,55,70,37,72,49,48,91,8,94,78,13,78,9,99,56,8,25,18,22,79,46,60,53,89,69,66,4,81,48,99,90,28,76,52,31,65,10,73,57,14,94,81,77,59,93,16,67,4,47,64,48,44,66,67,5,52,19,57,70,70,36,69,35,81,72,88,79,9,81,31,24,85,37,65,97,74,91,25,73,30,28,37,73,14,15,49,1,30,88,24,27,63,60,1,96,71,96,10,84,6,79,18,63,20,70,44,1,11,17,21,47,16,29,70,56,40,72,3,82,43,3,22,45,81,1,75,67,32,40,55,95,31,35
20,89,32,74,53,93,60,44,37,26,39,42,26,61,16,70,22,47,6,4,98,77,2,82,39,61,21,40,67,19,66,33,63,75,1,9,97,29,62,84,37,6,48,36,43,66,20,66,88,16,34,41,97,63,92,96,40,33,12,60,10,74,81,30,99,52,84,6,54,77,46,37,99,89,81,61,86,51,80,60,29,32,35,15,14,22,89,65,47,11,77,69,11,11,74,86,10,1,11,57,26,30,47,38,64,86,32,25,25,28,44,81,64,13,44,5,20,22,93,14,84,77,44,60,97,28,91,79,94,61,62,97,35,37,36,49,75,62,70,48,94,58,67,45,20,85,65,64,24,85,52,48,64,56,3,25,78,24,38,84,26,4,97,93,7,26,81,2,21,31,37,93,57,5,29,30,31,82,57,16,24,68,25,11,21,62,20,61,43,25,51,15,46,71,38,68,57,96,83,12,98,6,69,4,62,40,56,36,9,2,6,13,88,71,8,47,47,95,78,69,38,88,4,71,51,19,45,25,19,99,8,62,43,80,75,62,53,83,9,25,93,86,18,22,32,89,89,21,80,59,12,78,15,87,33,99
55,64,33,85,60,78,1,69,28,17,56,27,48,70,7,70,46,22,72,80,47,12,14,54,96,82,99,70,97,32,64,90,62,80,86,50,43,30,6,91,88,57,41,43,41,93,3,34,27,40,85,4,73,21,24,68,1,44,42,1,23,67,4,66,19,62,27,63,75,8,45,30,63,3,6,23,21,60,88,98,70,98,89,89,30,97,61,41,58,99,6,22,9,32,94,31,91,26,43,15,36,38,87,69,66,38,68,39,19,88,13,90,77,43,28,64,50,87,40,78,66,53,28,75,74,24,71,24,42,79,12,2,17,9,23,62,59,87,65,53,14,34,97,46,41,17,42,16,43,64,79,91,48,71,30,13,8,34,72,79,64,80,48,85,39,30,20,89,49,66,37,82,7,44,7,7,38,67,90,72,93,74,44,70,61,33,27,54,52,92,87,91,47,55,60,66,50,49,65,90,25,57,76,41,91,94,58,40,38,16,28,42,63,42,86,74,95,47,30,12,55,58,26,94,2,31,42,62,56,69,69,91,92,86,96,37,84,45,8,38,97,97,5,82,13,23,65,84,41,85,99,59,4,12,9,81
82,27,96,87,55,62,18,74,4,19,87,13,61,94,65,49,47,89,40,34,31,92,91,17,50,2,78,10,22,69,95,5,11,91,12,25,93,44,4,68,50,43,95,25,98,62,23,72,71,38,68,5,24,21,10,3,88,81,63,37,37,35,89,22,31,12,14,99,66,5,76,15,77,2,28,25,58,77,64,32,21,64,7,97,52,59,51,39,20,81,35,81,57,48,39,81,17,57,84,60,63,79,52,16,7,15,82,25,79,88,92,71,26,61,80,8,57,21,75,18,35,57,15,63,83,29,27,40,75,12,19,96,11,11,79,45,72,68,35,90,94,97,19,1,57,94,6,61,56,51,60,56,98,85,32,25,66,70,71,8,23,98,87,57,64,28,75,88,12,11,61,33,41,80,35,68,3,35,86,19,23,92,66,84,45,88,20,98,26,10,16,23,8,26,36,27,34,69,51,57,32,96,88,35,88,88,89,38,73,36,84,11,31,65,68,63,49,13,68,62,96,87,22,78,41,75,80,60,49,22,94,49,66,9,93,92,63,71,44,78,56,67,71,19,61,21,17,23,49,47,55,21,22,96,35,42
40,56,2,26,64,87,59,3,33,19,46,50,68,65,17,90,16,34,57,78,57,47,43,5,23,69,63,39,4,2,17,22,84,20,52,97,8,94,34,59,95,25,27,15,85,5,58,8,17,99,14,90,22,64,50,88,16,30,16,25,85,76,9,72,95,76,49,40,38,53,17,70,31,90,3,42,65,87,6,49,1,17,89,78,96,71,14,68,75,37,8,80,98,59,38,77,74,95,22,58,69,65,81,87,88,23,15,53,47,23,66,38,62,44,75,80,51,25,50,53,28,30,99,84,82,95,36,22,54,45,39,17,22,53,19,31,87,74,23,35,27,35,37,13,68,16,69,66,9,84,13,58,57,14,56,82,40,27,11,30,82,76,59,60,12,89,59,2,89,13,35,10,8,90,71,70,93,4,24,56,9,6,8,31,33,34,72,27,84,95,92,15,31,47,40,47,9,36,11,29,72,46,94,68,55,79,65,1,74,21,24,60,54,41,16,96,13,27,31,99,30,9,21,56,91,12,98,92,25,37,77,93,58,91,6,47,5,42,54,74,41,74,32,59,5,48,78,66,66,29,28,32,8,81,41,85
50,42,71,69,16,49,16,7,90,36,76,45,62,25,75,30,20,28,45,87,44,77,78,24,78,79,64,50,91,84,8,55,29,73,85,50,93,45,89,30,33,12,61,94,54,62,28,10,96,31,53,81,25,2,45,27,28,14,62,8,55,69,95,48,49,36,3,19,23,3,13,85,11,68,40,41,22,21,82,27,50,81,96,70,61,24,86,37,45,65,6,25,56,79,7,19,50,87,97,96,94,37,14,66,99,50,87,68,46,81,69,53,77,55,47,72,77,92,88,83,65,77,49,6,83,82,60,44,96,72,81,90,8,40,87,96,51,79,97,68,7,98,1,96,39,11,17,63,68,38,47,45,84,62,66,16,98,90,15,38,22,19,58,15,91,76,13,17,73,91,74,79,7,75,53,13,9,95,13,8,65,97,15,74,58,66,39,86,61,60,7,98,68,98,66,94,98,10,96,54,84,85,31,35,87,94,62,74,82,98,56,23,69,22,7,95,51,77,88,84,16,79,99,72,47,82,71,11,41,49,39,9,58,9,32,95,7,59,14,3,72,67,94,35,24,99,25,16,91,59,13,71,95,53,81,69
34,79,55,97,73,85,93,4,37,56,75,94,19,36,61,21,61,11,63,14,87,98,85,48,78,69,59,75,28,42,88,86,82,96,52,81,62,49,63,17,22,40,11,13,86,64,51,64,58,8,92,5,78,22,6,6,85,6,24,78,27,71,98,73,49,21,40,53,19,29,31,88,24,95,91,87,31,96,50,54,54,15,98,94,12,57,57,69,60,35,43,54,8,64,5,97,68,41,6,23,54,66,27,63,95,7,74,63,24,47,94,84,30,96,26,87,24,48,82,42,64,27,43,79,61,93,66,11,87,75,69,73,24,78,88,75,67,1,81,82,29,59,77,32,58,63,93,35,46,5,89,24,56,67,22,35,11,83,67,1,22,70,17,12,89,24,12,9,2,93,4,34,26,88,99,37,31,94,20,94,33,50,79,99,68,12,87,71,47,27,43,50,63,23,28,92,79,1,98,82,8,95,99,59,31,31,64,34,74,70,7,39,41,27,26,4,28,91,16,87,31,4,58,67,95,40,63,69,20,33,1,23,4,67,37,53,95,52,72,14,1,44,42,94,50,59,73,93,58,39,92,80,73,23,68,96
58,79,3,24,86,56,82,26,95,62,33,30,79,86,83,78,81,33,51,55,96,6,7,48,51,45,61,45,95,62,44,3,27,90,33,96,55,86,67,63,84,99,94,85,77,66,90,43,14,97,4,43,71,72,16,94,40,57,43,47,72,3,92,60,41,83,10,87,45,31,65,20,87,72,23,43,45,16,99,54,92,41,50,45,78,31,52,41,65,93,49,1,47,76,27,6,85,19,93,64,69,36,7,68,73,52,23,44,23,39,50,26,35,41,94,67,57,18,68,5,51,68,95,32,27,50,48,1,15,90,13,20,25,80,78,6,37,7,53,51,72,66,37,58,45,77,61,91,92,19,47,23,37,36,63,60,85,46,65,33,75,12,4,30,52,94,80,47,67,84,62,17,67,13,32,80,61,37,54,82,12,87,23,13,57,82,12,94,22,18,91,52,3,19,62,26,3,52,86,16,16,2,42,38,17,77,62,41,5,28,90,57,82,72,30,74,48,51,5,33,92,89,94,94,77,5,58,39,67,83,44,78,13,45,14,93,75,37,32,65,46,33,76,22,15,5,90,93,94,78,58,65,9,65,80,18
77,84,20,13,76,56,34,49,30,32,42,80,14,41,68,48,25,16,17,96,19,37,60,27,73,12,76,87,84,73,45,13,93,44,87,70,31,89,70,91,97,68,68,51,42,22,83,51,75,72,30,3,23,59,8,57,74,63,11,83,68,91,21,19,87,81,23,7,42,95,37,62,11,83,8,25,86,63,16,52,92,31,60,92,80,20,83,99,12,19,16,92,22,12,68,51,33,40,59,34,16,97,4,37,30,79,30,72,32,3,98,83,25,85,12,8,84,11,48,58,46,55,29,98,80,18,43,15,79,39,65,21,52,99,63,16,21,3,40,54,49,7,37,94,23,53,48,65,3,50,12,8,8,86,3,51,58,25,14,26,16,9,26,9,22,65,60,92,96,59,98,27,80,85,61,89,2,64,21,46,94,63,72,96,38,42,19,56,61,45,68,48,59,99,9,95,86,53,87,58,61,82,26,88,98,33,37,6,37,16,86,67,23,49,25,70,41,41,41,61,35,8,65,99,4,7,15,27,88,6,81,31,85,46,31,44,94,38,23,78,93,5,94,64,29,56,25,14,23,95,19,82,89,9,52,95
15,73,6,56,84,68,94,92,15,98,2,84,38,53,16,30,34,44,89,98,10,59,94,46,70,10,2,61,50,15,57,92,57,7,55,38,68,66,4,66,5,91,17,21,85,86,15,79,72,53,45,36,5,41,77,81,70,54,39,33,7,77,1,54,13,43,18,14,59,86,33,86,43,93,71,44,33,48,42,35,62,88,32,53,19,97,37,97,84,39,34,44,90,43,27,40,24,45,52,81,69,66,18,9,87,99,52,75,11,4,96,50,10,71,78,39,36,87,57,63,48,40,63,34,17,42,70,87,16,21,81,81,28,6,34,21,8,32,94,26,71,33,87,72,78,90,32,25,1,27,28,26,86,54,59,91,87,59,74,96,74,86,17,59,19,97,33,33,44,68,67,32,70,22,68,42,92,48,68,68,17,81,60,94,79,54,43,56,58,33,48,88,63,62,62,17,71,65,26,35,59,6,7,46,72,70,7,16,84,33,61,28,77,70,47,96,35,86,40,95,56,24,47,24,39,93,17,93,59,47,40,14,29,28,28,4,28,6,33,12,88,78,59,47,84,66,44,79,49,84,22,57,70,50,28,12
39,33,54,13,33,83,8,75,49,96,12,22,78,24,44,84,39,81,51,73,24,26,79,37,64,73,22,24,64,57,23,94,69,85,17,63,29,31,88,67,40,8,50,59,78,30,20,11,45,98,90,49,38,76,71,78,24,38,25,46,97,69,40,30,14,30,98,80,69,31,55,95,70,65,58,91,12,18,65,34,60,25,72,98,32,64,26,12,34,69,68,60,40,32,86,50,88,85,72,46,18,38,40,23,85,67,47,71,88,59,68,12,37,91,34,18,41,78,85,12,71,58,72,29,41,31,53,97,14,19,69,45,29,66,31,9,53,39,62,59,60,48,7,40,81,49,1,62,89,31,12,32,88,30,28,43,82,16,49,73,55,45,24,42,7,72,97,52,67,45,20,93,87,21,18,68,75,49,70,40,59,30,46,3,90,53,10,73,61,34,92,19,36,55,1,4,26,20,49,40,81,3,11,7,44,14,70,14,9,90,55,84,5,72,97,62,50,99,56,86,86,81,42,98,86,79,28,53,65,95,9,90,50,65,45,90,80,50,70,67,3,65,18,13,33,13,40,85,52,30,61,8,49,32,75,85
59,89,71,45,66,73,84,76,34,86,45,73,17,64,26,93,63,35,76,40,23,6,28,9,44,23,79,2,34,34,73,88,39,24,73,26,15,12,55,52,78,29,74,98,64,31,11,96,85,51,11,59,39,95,62,63,97,38,68,5,76,11,40,89,65,67,65,80,30,96,14,66,13,41,50,80,31,8,42,66,67,51,73,11,73,55,79,4,79,51,70,32,13,8,91,77,52,69,85,56,67,26,62,13,28,55,84,53,32,41,4,2,78,61,98,46,6,87,67,25,52,29,69,64,68,78,68,49,91,34,52,50,81,33,67,28,21,81,49,82,61,75,73,89,56,23,87,17,57,3,86,80,11,75,69,51,25,67,47,91,99,84,3,46,42,59,22,4,36,31,90,95,81,5,69,20,23,89,5,64,99,40,5,32,6,73,22,55,18,9,30,57,52,5,65,62,62,21,24,82,45,97,93,57,61,94,93,93,3,21,15,76,83,36,64,6,35,33,24,90,31,14,14,98,88,14,63,4,8,33,6,13,81,37,64,15,53,5,97,58,80,32,98,43,87,4,81,65,53,81,28,75,19,27,71,14
7,35,68,87,40,91,13,58,28,29,58,55,86,31,58,5,92,51,65,3,31,43,10,21,36,51,24,49,60,90,50,38,95,90,19,8,39,75,58,53,36,73,17,72,10,82,32,10,26,72,88,34,33,89,7,48,86,66,82,45,18,42,54,90,73,58,30,86,16,72,14,69,84,89,98,98,47,13,39,90,21,75,80,57,2,44,57,45,55,23,6,53,54,45,84,82,99,59,78,39,8,56,52,23,46,96,98,8,69,72,97,72,63,20,91,38,59,93,55,92,94,92,34,84,72,66,63,31,13,6,90,29,10,98,4,7,48,6,66,97,47,13,32,72,17,6,32,8,89,40,42,68,4,44,73,57,48,16,72,81,2,42,88,99,45,99,15,55,44,99,90,47,50,13,73,50,68,87,64,73,92,83,88,63,68,64,62,50,76,82,55,9,24,12,90,86,94,61,33,59,18,60,4,65,4,59,69,50,77,9,92,16,93,35,31,70,33,7,13,54,86,20,73,91,3,87,51,26,62,28,10,89,23,56,78,42,75,36,44,85,83,84,73,36,32,63,48,80,44,84,26,92,15,47,56,39
4,33,90,5,99,35,98,40,73,61,38,85,65,1,4,80,15,68,50,80,3,58,91,52,25,6,1,15,18,68,63,86,66,11,21,70,85,73,34,62,84,77,36,85,91,30,8,6,3,69,92,9,56,66,35,65,91,36,11,87,28,46,26,83,78,49,48,46,36,52,54,4,1,71,38,59,35,40,9,23,22,68,50,51,86,5,83,43,3,6,12,65,22,19,1,89,97,38,7,58,13,31,42,79,5,67,8,21,31,2,80,89,3,63,99,73,63,49,92,19,58,97,14,67,18,48,66,77,91,78,19,25,59,30,93,97,53,12,50,62,88,7,29,28,9,83,43,30,80,13,61,72,24,89,7,48,76,21,43,41,71,2,87,11,34,17,11,17,63,45,84,93,33,66,80,7,76,33,49,25,99,64,51,43,71,8,26,10,24,40,47,99,72,93,10,41,81,21,28,5,77,10,80,65,70,68,46,4,73,46,39,52,61,66,28,76,31,79,17,63,8,94,4,31,25,68,64,17,10,27,18,85,14,1,46,37,70,67,38,77,29,23,74,74,39,93,57,21,85,54,68,18,84,1,23,43
19,93,18,31,87,45,34,4,80,93,92,88,35,62,30,48,23,42,30,64,90,43,24,71,6,94,49,7,49,18,96,30,70,24,31,13,82,72,33,81,86,56,97,54,47,94,41,49,68,33,98,80,90,88,53,39,3,34,95,76,2,23,77,82,25,75,32,55,57,55,3,21,50,96,39,41,71,20,38,92,66,92,91,8,82,20,75,6,50,92,97,57,79,85,94,62,93,27,17,40,22,47,38,99,57,20,75,70,58,93,37,80,59,12,82,39,26,49,71,42,87,20,43,71,21,27,37,91,37,10,57,21,89,70,47,31,49,31,71,79,38,71,23,9,47,25,63,53,46,64,87,5,32,30,86,11,23,45,35,25,40,94,61,69,26,58,86,94,64,59,54,49,66,62,59,23,78,91,70,13,97,88,16,4,69,61,58,59,89,42,8,35,98,90,48,85,12,44,28,90,10,17,61,63,53,65,39,33,59,2,77,75,22,4,74,23,99,62,13,6,85,42,2,24,56,75,28,48,5,76,84,7,91,22,17,92,6,59,74,48,74,69,58,18,74,55,59,27,29,77,29,33,96,18,1,71
28,86,80,13,92,22,92,46,28,25,39,19,80,32,35,61,71,81,20,31,7,28,3,57,44,2,57,50,37,69,55,59,89,90,97,97,24,61,95,50,26,87,4,18,26,93,82,17,61,47,5,97,54,66,36,71,27,49,88,66,24,99,52,30,74,51,63,50,40,23,72,34,66,65,86,53,11,2,83,73,46,82,47,31,50,8,68,4,89,56,15,84,43,16,19,64,38,86,55,58,72,24,72,22,13,59,57,40,27,53,53,14,63,56,37,37,89,56,96,35,17,5,8,97,13,54,70,24,88,60,50,50,48,58,8,13,76,32,23,44,2,3,21,41,5,32,92,23,68,11,58,79,58,30,16,61,65,42,86,49,1,27,44,22,94,72,8,60,94,9,96,85,75,67,35,71,3,77,80,28,50,91,40,31,6,47,35,51,6,13,17,60,44,74,97,4,11,55,83,94,19,56,40,77,63,23,23,95,74,26,45,49,37,44,86,62,45,7,45,29,86,71,19,23,23,49,42,41,62,11,92,81,53,16,39,96,31,51,65,33,68,78,30,46,86,47,34,88,35,12,39,41,21,79,42,43
98,52,39,87,41,56,82,1,60,42,7,88,68,10,84,32,71,41,18,88,84,6,23,45,62,38,14,33,36,94,20,22,43,45,96,5,93,17,6,58,45,93,19,42,48,63,32,45,75,94,28,50,28,8,70,29,48,38,67,27,61,28,57,25,88,21,83,83,77,45,25,21,74,89,79,7,7,88,44,84,31,84,47,89,46,48,30,50,65,54,31,21,18,60,52,9,83,22,77,54,23,49,66,93,48,2,80,91,5,77,71,23,25,29,97,47,28,88,55,25,80,14,16,50,97,68,40,55,45,64,8,80,69,57,25,36,2,62,91,86,71,52,71,47,93,82,58,58,10,54,24,75,98,22,15,64,22,75,13,18,69,52,68,10,87,35,82,44,15,5,11,79,71,27,17,27,2,14,36,60,15,14,79,99,85,84,9,95,36,7,2,88,95,70,72,63,60,89,26,81,98,43,76,7,59,50,23,51,52,33,25,7,16,97,48,98,70,76,89,34,64,99,29,10,89,15,77,80,71,41,38,83,15,61,40,29,27,23,8,88,64,64,99,31,48,56,82,48,86,92,41,75,22,22,51,96
59,45,4,33,95,91,41,2,39,84,80,56,95,87,62,3,84,68,23,20,31,2,47,47,2,75,88,40,1,35,75,30,57,76,49,23,74,45,38,3,27,92,39,15,22,61,41,7,91,18,24,25,38,79,94,81,90,72,77,13,39,56,49,44,5,88,23,50,40,59,2,56,69,13,78,46,79,40,62,63,6,56,73,44,73,62,50,27,53,72,74,13,38,67,10,19,33,97,86,91,86,84,27,26,48,56,8,46,37,14,68,51,82,28,57,82,10,92,20,10,39,90,95,87,24,35,52,63,26,54,10,81,13,95,58,96,23,40,62,91,89,68,87,12,81,93,53,92,92,33,17,9,93,23,55,98,22,12,39,12,90,35,5,31,24,37,76,85,16,39,93,55,44,71,59,34,52,10,36,57,12,80,99,8,14,12,68,92,46,80,69,85,16,20,77,8,91,11,74,1,4,70,44,87,39,61,33,43,58,38,65,5,94,45,95,18,62,15,31,3,22,88,87,6,29,16,19,75,43,78,81,37,55,14,54,43,57,91,55,21,23,3,18,51,88,86,81,47,90,30,10,46,20,15,19,95
2,58,69,20,79,42,94,58,46,1,12,11,14,31,80,26,34,24,18,33,60,83,40,50,67,95,74,62,29,46,68,40,92,99,93,99,69,43,97,24,4,65,35,13,82,45,64,13,93,41,24,11,57,50,36,31,22,75,16,13,24,91,2,25,38,90,2,44,27,57,64,22,16,3,42,62,81,14,5,69,69,71,17,42,71,91,44,41,28,3,48,19,34,20,16,52,39,55,62,90,37,12,80,81,44,13,42,95,93,17,22,38,32,72,62,80,75,9,49,95,12,6,31,63,55,10,86,37,58,87,61,21,16,49,47,20,5,17,36,80,34,24,98,40,3,15,60,22,22,24,10,13,34,94,93,60,37,45,7,98,6,73,24,18,92,81,83,95,28,70,86,57,20,94,93,40,69,99,87,17,34,46,60,16,47,96,74,47,59,57,87,95,38,49,31,96,56,28,34,24,63,63,68,8,63,57,82,92,18,29,86,66,54,6,19,76,86,88,87,74,5,63,38,52,15,47,11,91,62,50,4,43,29,61,66,69,74,15,80,75,11,28,86,99,9,40,76,83,37,47,12,97,85,22,31,30
65,44,74,78,63,34,54,25,12,95,9,51,58,61,85,9,99,91,88,91,65,18,36,10,83,33,42,67,21,39,86,41,39,32,83,73,20,84,35,89,36,89,71,56,44,76,65,42,39,2,1,70,83,87,78,6,2,72,55,94,68,50,80,46,78,22,68,50,93,1,75,64,8,31,91,72,35,23,78,54,10,34,42,44,66,28,29,1,69,76,16,64,30,21,62,8,88,17,15,22,35,37,55,60,27,75,3,25,40,5,15,8,27,62,14,33,23,26,93,10,39,35,78,97,50,26,9,89,78,16,79,82,54,63,56,2,54,92,2,47,62,4,47,96,10,14,64,89,62,38,61,96,7,81,76,43,37,91,83,32,74,88,7,25,7,12,90,37,62,2,24,49,85,97,96,98,37,70,34,86,28,29,75,10,41,51,10,73,6,44,93,2,72,83,48,40,89,53,11,33,15,44,10,37,96,42,96,44,98,82,47,7,34,76,52,63,7,85,12,43,11,68,53,42,82,46,40,70,24,41,47,62,21,43,90,74,71,11,51,83,52,98,80,41,76,48,89,88,53,75,15,4,1,5,29,53
24,92,64,85,68,69,78,52,37,86,93,95,10,36,58,33,19,68,88,74,33,65,68,35,45,32,99,52,86,83,59,95,57,19,65,87,92,46,90,54,23,74,75,7,24,8,49,47,67,44,66,91,2,98,17,52,3,47,31,80,47,21,31,48,7,37,11,18,80,12,65,36,27,25,68,21,53,87,22,64,85,34,7,32,34,47,21,56,89,2,89,2,65,12,15,15,84,68,40,6,95,19,97,53,40,17,96,12,11,28,44,25,23,98,42,71,40,24,39,49,59,44,87,69,86,40,43,78,41,66,46,80,15,76,92,34,25,98,51,43,11,45,84,29,65,45,5,19,17,75,37,68,77,51,49,94,16,2,50,49,2,2,5,86,28,77,47,58,14,75,24,75,86,17,88,85,1,5,47,46,12,29,20,74,38,26,84,31,74,52,80,90,90,35,10,18,67,20,28,76,37,46,70,74,73,8,52,92,46,88,72,19,50,68,86,90,56,39,37,96,6,79,18,43,99,47,20,17,64,2,54,61,26,74,41,1,9,21,94,39,67,54,54,5,86,5,29,48,60,64,20,6,32,96,92,5
12,29,81,94,74,6,5,84,36,13,99,70,47,45,21,99,1,6,73,40,48,82,48,10,44,98,47,51,20,86,5,6,87,69,62,1,61,35,83,44,58,76,27,32,75,38,75,19,58,98,45,49,25,42,3,36,86,49,83,75,32,26,94,52,50,41,14,49,14,9,18,50,34,75,2,39,81,41,19,78,52,30,5,19,11,9,68,11,92,53,36,85,70,94,50,5,28,17,15,44,69,13,64,54,5,86,78,69,19,17,22,89,91,30,1,38,20,90,99,58,24,78,50,44,33,95,12,1,43,1,95,34,85,79,15,8,53,90,43,78,20,16,73,76,61,88,53,47,72,1,28,20,85,43,75,93,6,36,97,85,12,68,34,21,17,34,75,70,89,88,51,57,49,4,95,61,81,10,7,94,99,33,93,75,11,92,58,13,99,97,24,27,33,57,70,26,50,7,50,73,93,34,20,52,37,23,78,83,64,21,98,88,81,76,18,15,7,71,6,50,51,45,33,55,40,42,14,80,66,84,38,1,94,27,27,79,52,29,83,49,83,50,9,10,25,84,40,44,40,95,50,73,11,61,45,89
31,32,72,34,22,79,70,27,12,11,13,2,76,64,51,92,23,47,30,56,92,37,52,42,51,77,64,31,40,45,52,10,88,21,73,26,89,63,11,95,10,22,64,87,56,39,83,38,27,50,47,36,38,92,85,59,81,99,58,18,50,38,56,3,79,97,19,95,23,89,24,47,60,56,40,29,93,86,46,51,77,87,3,47,8,24,70,90,50,46,95,38,57,55,77,46,51,69,83,13,29,21,54,66,47,10,67,66,44,4,42,24,12,5,98,31,19,21,76,10,18,86,12,16,74,71,27,62,97,47,76,68,99,89,5,71,87,93,52,81,76,77,78,32,71,85,92,46,56,40,44,19,79,9,55,47,90,2,88,40,90,87,18,56,52,42,63,77,30,33,49,41,32,82,48,72,93,14,73,84,31,85,74,53,11,76,33,80,75,53,39,82,18,56,42,58,63,44,33,84,24,5,63,17,80,44,9,46,84,11,50,1,6,2,54,64,78,66,49,50,6,82,74,35,77,18,85,18,21,76,76,57,82,71,24,2,26,87,70,44,43,20,8,83,3,19,75,55,52,81,89,90,22,72,23,22
54,55,64,23,31,54,40,80,37,28,9,53,41,71,74,82,27,53,83,3,86,10,87,51,16,16,59,54,94,31,21,2,31,48,74,36,68,5,25,92,1,53,42,32,59,98,9,81,32,14,62,69,40,10,51,20,34,77,37,6,48,80,73,56,85,61,9,24,68,82,46,3,9,75,19,80,48,34,68,5,94,46,28,38,36,28,63,63,91,61,53,97,69,8,54,81,11,96,63,32,90,52,95,9,30,79,13,94,48,40,54,27,73,78,58,36,9,98,54,68,97,9,56,7,95,71,19,16,89,90,6,71,5,39,40,79,42,92,9,8,51,39,37,41,93,14,11,84,37,20,27,38,49,68,76,75,78,63,64,48,22,67,63,3,37,15,36,30,93,48,24,79,35,21,8,85,80,32,62,1,1,96,22,33,11,48,33,36,53,20,50,89,23,25,22,81,36,4,19,45,29,31,68,29,21,72,82,86,77,8,74,24,96,16,47,5,34,61,97,50,53,97,81,41,87,65,92,63,23,14,92,51,69,53,53,2,42,58,92,58,66,61,55,63,98,4,30,39,94,63,58,38,20,4,70,66
96,46,40,95,12,26,7,11,28,52,12,57,59,62,92,54,34,63,69,36,63,87,62,44,84,91,65,5,32,19,60,9,41,79,20,96,29,28,16,10,51,42,15,77,6,43,21,19,70,96,14,22,94,74,16,11,77,56,53,69,7,51,50,68,84,54,23,83,57,19,12,25,70,38,31,27,68,24,10,43,22,38,58,14,78,71,66,49,23,60,96,64,95,88,38,80,52,10,6,57,49,21,77,89,55,14,17,21,33,69,70,93,70,24,15,75,88,8,94,27,83,98,76,9,9,29,56,75,35,14,53,15,27,56,79,12,18,80,93,4,27,96,45,76,78,19,54,88,29,63,89,33,96,93,70,78,6,43,4,47,46,37,70,62,65,31,19,22,31,82,6,91,54,93,14,18,24,81,81,60,43,7,30,94,43,31,23,19,57,45,92,54,92,18,42,18,58,51,69,75,47,26,92,95,14,92,80,53,75,22,22,99,63,5,9,12,92,41,38,54,70,78,44,16,57,64,42,17,40,89,15,31,78,60,37,27,13,38,63,33,44,75,13,31,95,29,63,31,99,84,34,93,29,58,14,83
78,44,2,95,55,41,82,21,4,15,58,40,92,80,27,82,94,29,28,69,95,12,85,99,6,39,25,9,19,8,1,10,89,27,10,75,76,77,79,75,42,82,10,10,75,60,23,86,67,10,23,14,48,89,64,98,54,88,20,32,89,78,91,48,35,81,67,42,23,45,16,24,64,2,41,6,53,31,62,95,98,37,70,69,83,40,79,75,11,25,88,94,22,48,27,52,73,74,74,58,48,52,22,11,38,66,2,43,60,47,90,38,88,35,20,65,24,83,34,29,26,32,58,57,56,8,61,87,30,34,54,28,32,14,31,17,12,14,2,16,37,85,64,34,92,64,50,79,97,54,31,39,33,78,14,48,48,43,89,85,75,3,77,36,60,33,68,98,65,42,23,10,59,56,82,47,64,18,36,41,21,19,8,91,54,95,33,52,48,93,64,35,32,14,10,78,7,57,94,46,5,23,68,78,44,99,21,58,79,36,16,48,28,56,25,14,41,90,78,26,48,42,91,90,33,50,25,69,74,55,52,53,24,8,74,7,27,77,58,88,48,63,71,32,29,84,99,41,99,61,37,67,40,12,10,26
53,70,22,11,75,13,99,53,98,24,66,72,21,72,54,39,90,70,49,12,47,84,16,9,70,29,53,31,53,97,95,70,32,12,64,12,86,94,23,71,28,99,9,36,5,35,14,35,81,50,86,82,20,18,71,54,64,99,28,9,11,91,48,65,14,9,28,74,91,24,5,48,63,40,37,4,41,33,39,54,82,37,97,28,36,46,30,20,86,66,37,47,99,55,14,36,94,9,12,99,18,88,20,97,33,27,41,65,35,98,8,16,39,21,69,45,47,14,64,52,87,34,17,11,72,15,95,77,36,70,17,55,68,42,75,37,31,28,11,44,15,35,4,24,81,45,60,43,52,82,27,91,84,71,6,72,67,50,53,18,88,69,68,8,68,50,67,41,52,22,5,66,23,50,62,45,97,32,26,53,24,63,21,57,35,63,66,68,6,55,82,68,86,42,82,20,45,91,68,82,18,98,60,89,14,90,22,15,2,43,33,42,28,15,22,45,64,60,29,23,69,85,1,3,43,32,16,45,90,37,34,50,39,23,78,56,77,77,6,97,18,26,45,41,39,86,89,10,85,96,10,21,37,97,72,32
4,82,16,25,35,30,24,58,26,25,36,39,24,71,11,63,31,55,51,7,45,70,51,12,30,14,85,17,26,95,36,4,61,35,10,30,10,70,75,68,75,70,64,15,47,74,43,39,23,41,45,7,67,97,61,16,78,92,17,59,45,53,37,9,61,12,34,13,56,23,95,42,71,18,98,94,18,16,52,74,58,13,58,16,25,78,55,73,44,51,57,94,72,47,31,86,67,54,38,43,89,25,20,75,46,26,39,60,94,98,47,59,45,41,68,37,86,79,72,54,6,63,38,88,68,49,63,42,77,47,8,1,15,1,79,34,14,48,4,23,25,57,21,5,88,57,5,2,45,93,45,78,78,1,64,82,20,71,38,99,43,33,40,91,78,43,32,39,79,24,71,95,75,73,25,99,43,92,92,83,27,69,48,96,16,53,21,54,43,90,58,17,10,53,46,44,40,60,58,54,30,10,52,2,42,69,9,9,10,48,76,89,93,48,95,29,17,5,82,21,75,19,18,50,56,50,25,28,44,10,21,28,20,93,60,41,37,90,18,39,20,23,8,73,84,17,60,38,55,59,76,46,90,9,97,22
12,53,62,84,20,55,30,72,1,38,5,64,8,34,76,5,40,74,54,56,56,7,39,92,44,32,60,96,34,73,24,57,67,34,42,95,14,12,45,2,64,53,36,11,48,57,71,4,82,60,17,22,84,30,43,55,43,18,36,73,20,86,91,84,20,7,94,88,8,57,90,87,66,46,21,17,66,73,90,89,17,60,37,10,47,47,16,81,26,84,73,37,32,47,82,5,58,12,37,30,48,14,51,8,75,15,94,21,85,43,50,70,45,10,13,84,63,44,38,78,10,98,42,24,63,99,84,62,13,34,3,1,94,95,20,61,52,88,72,69,72,52,13,71,15,45,53,26,75,7,33,40,71,38,48,14,86,59,84,11,12,46,99,20,75,61,17,86,35,80,1,87,74,2,75,21,71,42,28,36,21,88,70,94,50,62,23,60,58,84,88,90,31,68,53,72,93,96,7,80,45,76,1,16,81,7,44,14,5,88,26,2,85,3,86,1,73,59,64,83,18,50,67,34,49,40,53,66,12,84,81,46,26,53,58,5,28,37,74,57,76,74,82,79,71,85,18,4,33,17,13,21,50,23,82,8
10,38,47,16,60,53,84,47,20,31,52,56,64,54,18,63,24,31,80,64,93,84,72,63,54,79,7,12,94,50,98,83,10,29,56,73,12,15,73,55,74,84,17,33,78,5,22,38,29,3,5,77,70,88,61,92,81,69,17,52,74,76,71,98,49,32,80,43,97,4,8,18,10,63,35,18,43,79,38,90,72,60,92,35,65,18,75,71,45,85,17,37,64,32,58,28,60,87,9,80,88,30,26,75,68,15,9,53,90,5,47,71,41,80,65,21,94,80,45,2,7,47,47,66,94,9,84,18,45,63,54,2,25,98,25,40,36,62,86,58,61,38,92,37,69,34,90,71,44,65,52,6,40,71,51,16,12,16,9,26,45,41,64,40,21,63,12,3,13,59,51,13,67,31,67,95,85,60,64,49,85,41,55,79,59,49,16,26,68,85,86,68,84,15,89,91,36,11,80,34,52,54,10,38,56,77,28,39,34,25,89,16,50,7,2,51,67,2,62,86,33,97,27,72,31,63,55,80,75,11,39,77,21,66,76,50,91,20,42,49,63,88,72,84,48,86,6,59,77,19,9,16,15,7,85,97
33,10,13,68,91,11,79,68,74,93,95,34,45,82,26,47,88,40,89,72,86,10,90,95,60,88,57,32,84,96,65,82,48,79,26,85,33,63,51,74,56,26,51,8,80,82,22,61,50,38,44,15,26,36,51,19,3,44,16,78,65,28,19,81,74,38,27,5,57,81,52,26,17,79,71,33,44,39,69,35,57,51,13,92,30,3,91,37,49,21,56,71,52,2,17,62,84,64,69,69,38,41,86,17,42,40,37,73,70,44,10,7,83,20,59,76,56,55,96,2,24,31,76,38,70,50,60,19,87,17,70,32,54,93,10,91,77,27,57,30,31,32,82,61,14,11,11,8,8,99,59,74,24,21,64,70,82,4,62,56,60,19,32,48,37,57,23,29,52,2,58,34,38,15,11,26,39,94,67,90,78,87,3,54,89,68,6,58,1,58,16,34,78,69,48,98,68,40,43,14,10,46,99,15,17,94,38,89,51,4,70,33,28,65,61,66,99,80,15,43,49,52,41,31,89,43,2,23,24,9,61,97,31,42,91,92,19,98,25,46,19,64,79,46,6,1,73,79,24,70,76,23,10,10,54,66
64,12,99,84,53,41,62,50,87,85,22,4,14,44,75,86,66,42,61,58,87,34,56,34,68,49,52,46,8,2,23,94,36,22,48,84,7,82,63,63,38,77,26,24,39,80,64,71,42,83,63,87,56,23,64,94,6,97,17,46,9,89,71,36,55,16,30,63,35,95,62,72,68,9,43,75,23,20,68,63,78,88,51,11,94,45,34,70,68,18,93,17,28,67,95,26,5,1,89,51,57,11,58,59,32,46,8,81,70,22,30,95,11,8,52,69,11,88,37,31,44,35,50,9,83,7,86,99,49,71,93,95,53,33,78,79,69,75,87,27,4,76,39,19,82,42,33,10,95,11,7,87,55,67,76,45,4,9,9,89,18,30,98,26,12,73,7,2,42,51,51,40,47,15,15,34,31,40,60,60,14,10,79,90,7,43,65,86,26,90,3,67,68,21,78,58,98,44,57,28,66,62,34,62,2,13,96,44,54,18,15,54,59,49,64,89,24,5,29,25,86,30,20,51,66,29,72,27,99,32,35,79,1,9,13,4,8,87,85,26,54,52,81,40,41,74,20,94,98,61,3,98,79,57,75,93
15,94,47,74,91,87,40,13,44,49,83,58,56,92,33,16,98,83,98,40,48,97,66,83,49,25,98,11,59,91,87,40,37,22,86,64,93,65,57,63,6,35,46,82,61,43,55,94,92,39,24,14,94,20,74,72,18,29,88,23,27,23,15,17,18,44,96,11,24,73,7,91,22,72,27,63,64,41,78,86,91,71,52,74,77,50,48,52,47,89,64,87,27,99,76,87,97,99,10,28,8,66,12,60,70,55,21,35,14,33,45,40,77,26,15,39,18,66,68,51,55,37,71,39,90,44,58,81,24,8,91,58,63,62,36,13,24,25,15,31,59,78,22,12,57,64,51,92,34,56,62,42,21,50,41,64,6,63,35,15,34,12,2,93,61,93,61,18,76,43,11,51,41,50,49,40,71,69,90,32,36,25,63,57,13,62,9,34,61,73,25,32,48,7,87,19,32,72,89,83,72,32,7,98,81,59,97,24,46,2,9,21,82,81,29,60,35,42,28,37,69,76,24,20,55,59,95,37,56,91,29,39,90,86,94,56,56,86,63,62,95,25,86,98,68,99,10,48,44,82,71,36,77,84,71,3
18,95,7,70,8,36,96,89,76,29,39,64,61,39,73,58,38,6,80,58,19,40,9,91,76,68,21,65,54,29,1,13,61,79,43,79,21,48,21,36,66,59,6,52,30,37,39,86,51,42,80,4,94,74,44,79,14,93,80,40,56,8,42,37,60,34,88,18,50,18,28,70,19,76,35,65,60,79,4,34,36,20,27,38,68,72,11,26,32,91,55,1,38,92,82,12,81,6,75,92,93,34,26,63,14,98,42,64,74,93,4,56,66,84,82,80,64,71,35,68,30,14,2,1,90,75,25,71,75,49,31,93,57,34,98,88,93,95,40,88,81,24,35,46,14,41,98,98,72,47,43,84,94,53,36,60,32,72,58,44,98,79,12,81,64,36,99,43,84,4,71,65,4,42,39,72,70,52,98,15,5,59,63,57,49,76,63,55,91,92,8,89,77,3,40,57,31,58,97,84,62,85,86,57,34,76,35,48,27,78,65,17,97,68,77,4,87,41,73,94,45,97,72,20,73,5,47,71,13,61,46,71,33,85,99,96,66,63,90,63,10,3,85,60,3,9,20,64,69,54,4,61,17,84,63,85
19,97,58,44,14,48,75,61,13,70,26,35,31,52,6,71,73,35,38,37,60,84,41,22,15,16,27,10,63,84,87,6,19,98,94,95,20,3,14,15,52,79,79,14,30,99,76,54,6,84,1,41,51,63,97,52,64,73,88,92,12,32,59,85,45,60,41,51,77,63,22,55,13,30,5,84,52,52,32,18,20,20,71,86,83,22,25,99,40,32,60,66,6,15,53,76,91,22,63,68,23,71,78,67,15,20,91,65,49,12,2,19,2,60,61,43,24,42,75,30,28,74,81,20,34,52,38,31,1,17,75,40,74,80,3,1,82,75,89,41,60,39,16,12,89,5,48,93,60,66,85,99,59,94,51,17,11,63,37,90,90,80,93,54,37,16,15,76,52,29,93,87,18,35,73,50,51,86,66,33,28,48,60,63,68,36,99,32,48,29,36,72,98,29,28,90,76,54,5,42,80,2,89,28,31,97,14,75,82,42,51,36,71,67,55,56,59,21,60,59,24,49,44,75,74,41,23,15,25,85,15,49,48,12,22,52,56,59,26,35,85,3,66,92,61,42,71,68,65,77,40,11,1,78,79,76
10,2,49,42,92,64,88,11,19,58,79,29,21,45,93,37,15,89,3,60,35,24,46,29,1,18,69,65,35,83,20,57,54,16,18,71,44,39,24,34,61,14,41,34,48,36,83,16,7,55,3,53,77,72,65,18,61,69,76,39,11,63,74,56,98,20,81,71,7,24,22,46,41,22,76,47,56,25,92,37,24,18,82,47,63,44,53,3,75,16,7,37,31,62,8,79,75,67,40,91,86,65,2,18,99,5,30,4,99,91,9,74,77,13,2,21,12,1,71,90,3,25,6,50,71,21,52,39,89,6,10,64,34,30,54,46,46,82,53,48,77,11,44,17,49,8,75,76,60,61,87,53,18,61,42,35,16,42,7,83,40,8,38,45,53,7,27,32,75,62,56,10,74,26,18,70,13,99,43,61,28,49,15,40,99,93,35,93,38,80,41,14,89,35,24,16,77,12,18,67,44,12,97,56,97,72,3,58,72,44,97,35,8,54,42,15,28,56,88,31,74,95,93,40,33,81,40,22,26,66,13,22,53,90,66,48,70,2,62,87,46,16,64,66,15,48,6,89,31,74,25,26,90,59,53,7
88,43,81,29,38,65,31,31,84,33,88,73,51,96,88,76,68,33,82,90,9,60,20,40,77,44,45,78,22,93,29,61,61,83,72,84,50,76,74,50,43,93,19,7,43,80,31,51,15,61,17,33,51,75,81,98,45,22,43,88,83,63,75,20,33,46,9,50,14,57,13,85,75,20,78,36,38,45,18,35,63,38,67,97,67,50,94,76,91,93,4,27,93,53,81,44,9,7,14,47,12,93,99,61,18,78,59,16,86,26,65,25,86,35,8,15,9,24,45,56,91,46,29,69,48,54,25,32,93,38,22,96,58,90,15,54,6,24,69,94,87,88,61,27,77,82,42,68,73,34,98,1,80,76,71,89,26,41,36,45,15,11,82,26,68,43,9,73,38,55,90,96,44,10,8,6,89,96,75,10,82,86,27,15,85,3,19,81,19,19,99,79,29,62,59,29,34,69,90,40,20,90,59,69,60,3,37,91,43,83,61,99,92,3,9,61,4,85,17,98,76,58,18,6,47,9,7,84,26,80,45,58,39,99,41,93,53,6,72,17,69,18,14,95,31,87,3,86,1,39,80,43,73,99,90,16
65,33,77,60,97,6,63,78,50,44,85,81,27,48,45,25,45,71,77,88,8,79,31,87,27,21,25,17,54,23,29,12,73,64,23,44,47,38,52,55,92,3,58,52,1,37,19,26,49,83,16,44,53,63,96,29,56,75,70,34,7,98,2,89,38,27,38,14,59,85,45,68,62,43,63,70,97,94,57,69,70,87,14,24,91,32,32,69,21,77,82,7,37,53,89,81,41,98,19,56,17,41,38,54,93,29,59,81,27,68,33,67,96,91,64,65,30,28,12,29,27,29,59,85,11,89,18,33,67,46,84,70,85,97,20,41,94,27,53,11,95,61,5,19,44,85,37,88,4,85,84,8,34,66,29,4,60,19,96,26,48,25,65,55,3,84,96,2,98,56,92,50,6,27,43,13,73,3,1,20,27,29,85,18,3,68,47,25,39,36,58,62,54,45,74,99,35,88,81,96,51,41,29,81,69,82,88,12,15,80,52,93,34,66,93,56,53,24,1,90,19,19,4,56,44,15,58,8,27,16,34,62,46,12,70,56,76,97,67,21,39,77,21,2,23,50,15,79,7,38,88,1,5,11,98,66
88,45,99,56,22,11,24,47,81,54,21,59,60,1,22,10,27,82,15,24,70,70,86,93,95,98,13,25,76,55,76,49,67,27,24,67,4,3,87,64,66,26,47,46,67,96,5,52,14,66,85,76,33,34,81,95,22,38,12,15,94,54,89,83,95,51,62,9,39,77,64,85,2,84,52,60,12,67,21,97,97,56,77,84,57,60,90,54,38,14,10,79,69,35,93,7,89,62,6,45,42,83,96,22,97,4,18,60,77,45,60,88,69,60,22,20,66,53,3,99,87,6,75,50,34,1,44,39,25,53,3,22,9,60,84,33,41,5,50,40,44,71,23,51,56,8,39,49,23,32,42,90,49,33,95,76,99,25,85,94,78,36,60,17,91,50,6,44,14,15,90,54,63,73,93,36,27,55,54,87,22,28,86,80,93,63,80,90,31,38,49,92,69,12,7,70,21,36,81,9,7,30,93,92,12,6,47,20,48,48,40,16,15,49,86,54,65,24,25,68,33,22,38,72,85,2,5,86,33,36,62,34,19,89,95,83,97,51,32,65,82,54,33,78,94,26,24,93,71,12,32,10,73,76,82,85
65,95,57,93,34,19,66,93,46,72,86,35,32,51,34,59,93,63,27,94,5,58,40,27,74,55,16,26,58,26,87,9,54,75,57,24,35,27,26,62,33,9,89,77,18,31,95,32,38,72,36,89,17,60,93,29,56,10,36,45,59,56,25,18,88,68,45,60,82,10,12,41,84,68,67,57,29,77,60,88,99,58,39,95,58,24,52,61,15,52,83,71,19,87,87,87,77,72,43,76,76,34,79,34,36,62,3,55,46,88,34,9,69,20,53,23,68,35,51,47,5,17,41,7,4,37,11,1,10,85,26,95,72,54,82,49,29,85,15,22,5,60,44,6,2,53,90,48,22,4,91,35,71,82,59,11,80,54,3,87,18,13,12,77,51,80,72,8,70,30,33,28,74,74,86,98,97,16,6,17,3,51,18,33,66,14,12,6,87,26,81,48,50,83,41,98,96,84,54,40,41,46,61,83,38,8,28,24,70,78,1,16,3,28,55,45,17,64,29,73,79,4,79,28,13,42,89,33,47,30,96,14,29,59,30,30,88,31,74,9,96,2,74,75,81,80,9,51,59,58,49,77,45,6,30,69
52,31,57,10,99,47,51,32,3,75,27,60,78,76,67,18,36,79,48,31,20,81,59,11,59,57,62,45,73,45,95,34,41,72,66,92,93,29,41,8,16,93,72,81,17,64,42,63,83,12,14,20,43,52,23,38,80,58,89,96,34,4,72,68,42,78,71,74,29,89,93,48,90,61,72,93,77,37,75,39,53,39,17,36,80,72,41,61,37,85,38,37,13,14,40,94,89,1,69,81,89,98,89,60,99,7,29,35,1,23,15,30,81,3,54,79,73,90,47,64,73,89,6,95,59,46,75,31,96,93,26,14,61,52,5,96,98,90,36,91,22,96,7,54,90,3,5,63,6,32,90,90,96,78,65,87,59,49,24,88,7,22,61,21,56,84,23,20,94,14,71,63,55,29,29,41,99,60,70,77,75,26,83,48,16,47,59,48,87,25,40,86,35,10,21,93,40,97,21,93,85,52,17,13,87,82,66,89,86,85,49,72,77,83,79,37,43,47,11,35,82,28,31,5,66,82,3,58,82,46,37,41,87,24,19,55,92,96,89,93,84,26,90,93,94,53,95,41,78,60,10,98,88,45,1,76
84,77,80,84,97,88,98,29,37,28,72,5,74,2,19,89,93,43,32,25,65,28,72,19,75,69,47,50,15,35,7,66,29,84,30,40,13,27,12,92,46,11,75,70,12,3,29,71,28,84,71,36,40,13,99,62,53,18,42,27,45,26,19,45,72,72,31,89,27,34,82,80,1,81,87,91,85,38,38,65,75,81,43,77,23,29,47,29,70,20,62,11,48,17,12,70,83,48,10,84,53,68,99,62,96,70,33,51,52,91,55,36,27,98,60,63,68,79,15,91,49,54,26,51,9,66,2,44,3,96,21,52,34,27,67,31,1,80,66,72,83,47,50,79,14,77,55,91,17,67,92,16,88,30,6,9,30,13,65,36,36,54,34,53,19,69,40,95,88,45,45,2,31,82,72,71,43,52,92,8,67,73,4,80,71,17,10,75,33,6,60,84,60,98,64,59,55,93,16,88,81,84,77,12,55,42,77,2,39,99,50,80,35,54,48,88,7,20,81,89,57,34,8,61,93,23,96,76,6,17,13,86,18,33,48,72,59,32,92,3,10,92,35,19,28,28,83,72,79,12,69,79,48,26,87,97
15,16,69,96,66,35,76,39,61,89,9,13,13,95,35,12,22,68,19,13,57,81,71,46,24,47,36,93,65,4,99,20,21,18,36,57,38,4,73,85,45,58,51,32,34,89,59,58,66,10,18,8,19,51,72,60,76,92,89,9,43,10,78,87,47,45,46,98,25,5,70,38,52,76,12,17,59,90,25,53,71,5,64,40,82,75,73,49,19,45,75,7,91,60,37,43,18,79,43,22,89,23,48,30,29,89,17,88,40,60,28,63,98,44,18,30,71,13,40,18,71,69,68,19,66,45,17,68,5,31,26,99,76,45,48,95,43,55,9,56,88,29,77,24,79,2,84,60,62,85,88,23,74,54,49,99,49,81,83,55,36,23,72,41,55,60,41,98,15,9,61,61,49,83,59,59,7,48,97,19,4,94,84,16,41,70,21,62,67,43,90,90,58,81,61,46,69,58,48,71,30,48,31,72,72,4,11,90,3,57,79,12,3,3,10,82,10,74,38,36,99,69,43,43,71,5,39,65,79,24,64,35,4,73,93,89,5,91,21,16,77,50,95,59,8,78,15,28,50,96,46,16,6,43,30,80
68,90,23,31,69,83,47,1,95,19,15,82,91,48,19,65,70,34,48,5,23,37,14,61,81,87,99,59,1,4,51,40,90,15,86,94,39,87,26,68,85,98,54,86,44,91,25,56,89,22,92,77,34,29,7,41,64,3,88,96,28,14,18,16,66,89,7,72,70,34,63,57,76,68,68,68,87,82,3,32,95,2,12,47,78,56,4,85,27,29,37,2,13,8,98,37,27,22,70,74,52,22,32,2,36,92,88,38,79,71,66,18,40,86,29,81,57,72,1,32,62,20,83,83,98,98,76,16,18,32,32,51,62,37,12,95,82,22,29,70,53,54,24,5,44,93,37,76,63,28,24,44,26,52,71,8,93,85,38,98,24,84,16,3,20,30,65,27,5,3,29,51,32,75,93,7,59,29,55,57,50,27,36,71,47,69,81,58,16,82,47,99,29,5,77,86,41,85,31,57,39,19,12,44,75,58,23,9,63,71,35,24,83,5,78,56,64,45,17,16,7,60,73,43,6,86,54,39,96,2,45,79,79,83,14,73,60,95,95,64,68,94,76,15,76,31,28,21,97,8,70,49,88,54,71,63
92,42,89,14,38,84,41,36,56,53,69,12,67,23,71,71,81,83,79,1,73,27,10,85,30,62,4,53,16,5,33,5,18,40,13,78,83,43,34,9,61,44,94,21,57,82,90,3,19,46,62,41,93,60,9,72,72,15,85,5,85,94,95,30,19,21,27,1,65,66,56,33,38,55,74,62,41,41,86,15,8,26,21,74,3,1,42,24,90,19,26,94,98,97,94,3,64,73,25,71,24,30,91,91,63,25,8,1,77,99,31,46,81,19,84,66,10,44,31,27,10,59,98,16,6,69,50,6,10,69,61,49,61,92,4,9,98,79,1,39,21,29,47,45,57,35,45,78,80,61,20,98,70,89,17,79,62,30,57,31,92,37,59,88,81,14,31,44,73,42,77,1,85,67,83,43,17,60,79,35,65,79,25,30,48,61,83,88,35,12,2,13,92,33,59,57,14,17,97,25,20,71,4,18,56,71,56,1,21,33,67,71,63,48,40,42,26,97,26,81,19,7,52,63,38,24,8,30,28,28,84,67,56,64,7,45,22,21,43,5,40,67,88,44,98,56,97,71,90,81,26,51,10,73,33,75
79,25,92,32,9,88,12,11,67,92,66,55,4,37,92,76,17,39,79,71,60,79,61,56,45,14,29,92,95,84,88,48,22,67,37,23,94,42,26,88,27,60,46,75,82,17,89,98,46,36,86,39,72,53,92,23,33,19,78,20,83,56,53,70,60,52,15,69,8,82,99,15,47,23,23,10,64,44,98,89,61,69,86,70,84,21,55,44,25,40,65,13,82,85,40,15,8,12,76,58,35,95,96,95,79,81,98,41,9,4,67,66,13,63,40,45,75,66,52,30,62,52,36,36,48,85,49,12,90,13,92,3,93,11,18,44,69,83,8,39,75,9,19,96,29,64,14,30,29,12,94,59,92,11,38,3,68,60,59,10,63,54,48,58,40,21,16,20,78,87,68,53,86,23,49,81,45,7,19,62,9,81,72,59,50,47,67,76,87,17,72,32,86,71,89,56,41,70,29,58,8,31,85,42,50,80,7,75,40,15,72,46,10,88,35,94,12,92,41,19,93,23,75,53,27,39,41,58,42,44,40,93,60,71,76,96,85,98,4,11,44,18,57,35,95,73,71,79,16,78,60,18,75,74,78,90
18,11,97,69,77,84,55,77,3,5,66,76,91,44,36,88,29,43,11,74,60,28,81,71,15,87,94,46,40,82,90,85,61,98,18,78,37,64,84,25,20,31,20,17,26,99,15,21,99,44,56,76,5,97,64,10,20,15,60,58,61,35,2,86,57,47,67,33,88,38,33,27,71,68,35,30,21,30,40,1,98,7,66,49,86,75,35,2,76,4,30,72,15,20,3,6,46,61,52,14,80,8,1,17,11,10,88,92,1,86,47,36,25,97,14,38,10,97,39,93,21,1,10,99,70,19,81,8,26,1,41,42,49,29,91,45,50,64,88,54,82,15,33,95,15,7,96,57,20,72,50,99,20,25,87,57,77,71,58,27,38,24,47,88,52,19,51,5,94,32,29,20,62,94,20,66,20,48,31,62,9,31,29,48,38,37,45,96,27,75,29,81,11,3,66,78,94,1,15,53,18,39,54,20,31,90,4,54,60,59,27,54,99,42,1,81,71,83,31,56,16,94,86,13,44,85,8,58,94,16,22,6,96,97,7,29,25,44,40,75,37,15,75,4,50,32,67,33,46,4,43,31,26,34,81,99
